-- phpMyAdmin SQL Dump
-- version 5.1.1
-- https://www.phpmyadmin.net/
--
-- Anamakine: mariadb
-- Üretim Zamanı: 13 Eki 2021, 19:29:04
-- Sunucu sürümü: 10.6.4-MariaDB-1:10.6.4+maria~focal
-- PHP Sürümü: 7.4.20

SET SQL_MODE = "NO_AUTO_VALUE_ON_ZERO";
START TRANSACTION;
SET time_zone = "+00:00";


/*!40101 SET @OLD_CHARACTER_SET_CLIENT=@@CHARACTER_SET_CLIENT */;
/*!40101 SET @OLD_CHARACTER_SET_RESULTS=@@CHARACTER_SET_RESULTS */;
/*!40101 SET @OLD_COLLATION_CONNECTION=@@COLLATION_CONNECTION */;
/*!40101 SET NAMES utf8mb4 */;

--
-- Veritabanı: `teknonews`
--

-- --------------------------------------------------------

--
-- Tablo için tablo yapısı `category`
--

CREATE TABLE `category` (
  `category_id` int(11) NOT NULL,
  `category_name` varchar(250) COLLATE utf8mb4_turkish_ci NOT NULL
) ENGINE=InnoDB DEFAULT CHARSET=utf8mb4 COLLATE=utf8mb4_turkish_ci;

--
-- Tablo döküm verisi `category`
--

INSERT INTO `category` (`category_id`, `category_name`) VALUES
(1, 'World'),
(2, 'Health'),
(3, 'Politics'),
(4, 'Business'),
(5, 'Sports'),
(6, 'Technology'),
(7, 'Style'),
(8, 'Travel');

-- --------------------------------------------------------

--
-- Tablo için tablo yapısı `comments`
--

CREATE TABLE `comments` (
  `comment_id` int(11) NOT NULL,
  `comment_title` varchar(250) COLLATE utf8mb4_turkish_ci NOT NULL,
  `comment_content` text COLLATE utf8mb4_turkish_ci NOT NULL,
  `comment_date` datetime NOT NULL DEFAULT current_timestamp(),
  `comment_isanonymous` int(1) NOT NULL DEFAULT 0,
  `user_id` int(11) NOT NULL,
  `news_id` int(11) NOT NULL
) ENGINE=InnoDB DEFAULT CHARSET=utf8mb4 COLLATE=utf8mb4_turkish_ci;

--
-- Tablo döküm verisi `comments`
--

INSERT INTO `comments` (`comment_id`, `comment_title`, `comment_content`, `comment_date`, `comment_isanonymous`, `user_id`, `news_id`) VALUES
(1, 'Good News', 'Lorem Ipsum is simply dummy text of the printing and typesetting industry. Lorem Ipsum has been the industry\'s standard dummy text ever since the 1500s, when an unknown printer took a galley of type and scrambled it to make a type specimen book. It has survived not only five centuries, but also the leap into electronic typesetting, remaining essentially unchanged. It was popularised in the 1960s with the release of Letraset sheets containing Lorem Ipsum passages, and more recently with desktop publishing software like Aldus PageMaker including versions of Lorem Ipsum.', '2021-10-11 15:40:07', 0, 2, 2),
(2, 'Test Comment', 'Lorem Ipsum is simply dummy text of the printing and typesetting industry. Lorem Ipsum has been the industry\'s standard dummy text ever since the 1500s, when an unknown printer took a galley of type and scrambled it to make a type specimen book. It has survived not only five centuries, but also the leap into electronic typesetting, remaining essentially unchanged. It was popularised in the 1960s with the release of Letraset sheets containing Lorem Ipsum passages, and more recently with desktop publishing software like Aldus PageMaker including versions of Lorem Ipsum.', '2021-10-11 15:54:07', 0, 3, 2),
(3, 'deneme', 'wqewqe', '2021-10-13 01:48:58', 0, 25, 27),
(4, 'deneme', 'dsaasd', '2021-10-13 01:49:09', 0, 29, 37),
(5, 'deneme', 'asdqwdqwd', '2021-10-13 01:50:47', 0, 4, 23),
(6, 'denemeelon', 'sadasd', '2021-10-13 01:56:33', 0, 5, 25),
(7, 'anonim', 'deneme anonim', '2021-10-13 01:59:52', 0, 29, 25),
(8, 'denemegercek', 'wqeqweq', '2021-10-13 02:10:47', 0, 25, 43),
(9, 'anonimdeneme', 'rwqeqwe', '2021-10-13 02:11:01', 0, 29, 43),
(12, 'denemegercek', 'wqeqw', '2021-10-13 15:49:41', 0, 21, 39),
(13, 'denemeanonim', 'anonim', '2021-10-13 15:50:03', 1, 21, 39),
(15, 'denemegercek', 'saSa', '2021-10-13 22:07:25', 0, 1, 49),
(16, 'denemegercek', 'saSa', '2021-10-13 22:07:30', 0, 1, 49),
(17, 'denemegercek', 'saSasAS', '2021-10-13 22:07:39', 0, 1, 49),
(18, 'denemegercek', 'saSasAS', '2021-10-13 22:07:54', 1, 1, 49),
(19, 'deneme', 'deme777', '2021-10-13 22:15:19', 0, 1, 11),
(20, 'wqe', 'wqerqwr', '2021-10-13 22:15:59', 1, 1, 11);

-- --------------------------------------------------------

--
-- Tablo için tablo yapısı `news`
--

CREATE TABLE `news` (
  `news_id` int(11) NOT NULL,
  `news_title` varchar(250) COLLATE utf8mb4_turkish_ci NOT NULL,
  `news_content` text COLLATE utf8mb4_turkish_ci NOT NULL,
  `news_photo` varchar(250) COLLATE utf8mb4_turkish_ci NOT NULL,
  `news_date` datetime NOT NULL DEFAULT current_timestamp(),
  `users_id` int(11) NOT NULL,
  `category_id` int(11) NOT NULL
) ENGINE=InnoDB DEFAULT CHARSET=utf8mb4 COLLATE=utf8mb4_turkish_ci;

--
-- Tablo döküm verisi `news`
--

INSERT INTO `news` (`news_id`, `news_title`, `news_content`, `news_photo`, `news_date`, `users_id`, `category_id`) VALUES
(1, 'SPORTS NEWS 1', 'Lorem ipsum dolor sit amet, consectetur adipiscing elit. Morbi sapien odio, commodo id metus et, tincidunt lobortis tortor. Duis nunc ante, cursus pretium feugiat eu, euismod sed arcu. Morbi nec porttitor ante, ac euismod mi. Aenean nec maximus ex. Pellentesque iaculis ante quis volutpat porttitor. Integer erat erat, accumsan quis ornare id, scelerisque ac neque. Quisque molestie, erat sit amet fringilla aliquet, erat ipsum scelerisque mi, sed tempus velit ipsum non est. Ut lacinia sagittis est vel scelerisque. Duis sit amet quam elementum, efficitur metus vitae, viverra dui. Mauris in maximus lacus, eu auctor quam. Pellentesque ac lorem et eros vehicula tincidunt eget vitae quam. Integer vel tempor nisl. Pellentesque nunc dolor, scelerisque sed efficitur consectetur, semper nec erat. Aenean vitae pharetra felis, in fermentum eros.\r\n\r\nNulla at enim elementum, vulputate velit nec, elementum tortor. Donec faucibus neque et leo pretium placerat. Cras pharetra neque nisl, non consectetur elit pulvinar ut. Vestibulum ut nisl suscipit, efficitur lacus et, placerat augue. Integer ornare tempor pharetra. Aenean ac nisi consectetur, viverra dolor quis, eleifend tortor. Suspendisse tristique metus finibus ex porta pellentesque. Morbi finibus faucibus tortor at facilisis. Pellentesque hendrerit, massa id blandit interdum, nunc lorem blandit est, iaculis aliquam nunc tellus quis urna. Suspendisse mattis orci ac hendrerit faucibus. Sed a nibh augue. Sed quis eleifend leo. Suspendisse sollicitudin placerat purus, a accumsan libero. Nullam porttitor tellus nisl.\r\n\r\nAenean a velit iaculis, auctor erat nec, tincidunt leo. Vestibulum nec sagittis lorem, et tempus velit. Etiam pellentesque ex ipsum, a pharetra turpis pulvinar vitae. Quisque a libero porta arcu scelerisque tempus. In hac habitasse platea dictumst. Pellentesque varius finibus erat eget interdum. Nulla cursus quam est, vulputate interdum ligula elementum tincidunt. Curabitur tempor sodales molestie. Proin vel est neque.', 'sports/sports-1.jpg', '2021-10-09 16:57:58', 1, 5),
(2, 'SPORTS NEWS 2', 'Lorem ipsum dolor sit amet, consectetur adipiscing elit. Morbi sapien odio, commodo id metus et, tincidunt lobortis tortor. Duis nunc ante, cursus pretium feugiat eu, euismod sed arcu. Morbi nec porttitor ante, ac euismod mi. Aenean nec maximus ex. Pellentesque iaculis ante quis volutpat porttitor. Integer erat erat, accumsan quis ornare id, scelerisque ac neque. Quisque molestie, erat sit amet fringilla aliquet, erat ipsum scelerisque mi, sed tempus velit ipsum non est. Ut lacinia sagittis est vel scelerisque. Duis sit amet quam elementum, efficitur metus vitae, viverra dui. Mauris in maximus lacus, eu auctor quam. Pellentesque ac lorem et eros vehicula tincidunt eget vitae quam. Integer vel tempor nisl. Pellentesque nunc dolor, scelerisque sed efficitur consectetur, semper nec erat. Aenean vitae pharetra felis, in fermentum eros.\r\n\r\nNulla at enim elementum, vulputate velit nec, elementum tortor. Donec faucibus neque et leo pretium placerat. Cras pharetra neque nisl, non consectetur elit pulvinar ut. Vestibulum ut nisl suscipit, efficitur lacus et, placerat augue. Integer ornare tempor pharetra. Aenean ac nisi consectetur, viverra dolor quis, eleifend tortor. Suspendisse tristique metus finibus ex porta pellentesque. Morbi finibus faucibus tortor at facilisis. Pellentesque hendrerit, massa id blandit interdum, nunc lorem blandit est, iaculis aliquam nunc tellus quis urna. Suspendisse mattis orci ac hendrerit faucibus. Sed a nibh augue. Sed quis eleifend leo. Suspendisse sollicitudin placerat purus, a accumsan libero. Nullam porttitor tellus nisl.\r\n\r\nAenean a velit iaculis, auctor erat nec, tincidunt leo. Vestibulum nec sagittis lorem, et tempus velit. Etiam pellentesque ex ipsum, a pharetra turpis pulvinar vitae. Quisque a libero porta arcu scelerisque tempus. In hac habitasse platea dictumst. Pellentesque varius finibus erat eget interdum. Nulla cursus quam est, vulputate interdum ligula elementum tincidunt. Curabitur tempor sodales molestie. Proin vel est neque.', 'sports/sports-2.jpg', '2021-10-09 16:57:58', 2, 5),
(3, 'SPORTS NEWS 3', 'Lorem ipsum dolor sit amet, consectetur adipiscing elit. Morbi sapien odio, commodo id metus et, tincidunt lobortis tortor. Duis nunc ante, cursus pretium feugiat eu, euismod sed arcu. Morbi nec porttitor ante, ac euismod mi. Aenean nec maximus ex. Pellentesque iaculis ante quis volutpat porttitor. Integer erat erat, accumsan quis ornare id, scelerisque ac neque. Quisque molestie, erat sit amet fringilla aliquet, erat ipsum scelerisque mi, sed tempus velit ipsum non est. Ut lacinia sagittis est vel scelerisque. Duis sit amet quam elementum, efficitur metus vitae, viverra dui. Mauris in maximus lacus, eu auctor quam. Pellentesque ac lorem et eros vehicula tincidunt eget vitae quam. Integer vel tempor nisl. Pellentesque nunc dolor, scelerisque sed efficitur consectetur, semper nec erat. Aenean vitae pharetra felis, in fermentum eros.\r\n\r\nNulla at enim elementum, vulputate velit nec, elementum tortor. Donec faucibus neque et leo pretium placerat. Cras pharetra neque nisl, non consectetur elit pulvinar ut. Vestibulum ut nisl suscipit, efficitur lacus et, placerat augue. Integer ornare tempor pharetra. Aenean ac nisi consectetur, viverra dolor quis, eleifend tortor. Suspendisse tristique metus finibus ex porta pellentesque. Morbi finibus faucibus tortor at facilisis. Pellentesque hendrerit, massa id blandit interdum, nunc lorem blandit est, iaculis aliquam nunc tellus quis urna. Suspendisse mattis orci ac hendrerit faucibus. Sed a nibh augue. Sed quis eleifend leo. Suspendisse sollicitudin placerat purus, a accumsan libero. Nullam porttitor tellus nisl.\r\n\r\nAenean a velit iaculis, auctor erat nec, tincidunt leo. Vestibulum nec sagittis lorem, et tempus velit. Etiam pellentesque ex ipsum, a pharetra turpis pulvinar vitae. Quisque a libero porta arcu scelerisque tempus. In hac habitasse platea dictumst. Pellentesque varius finibus erat eget interdum. Nulla cursus quam est, vulputate interdum ligula elementum tincidunt. Curabitur tempor sodales molestie. Proin vel est neque.', 'sports/sports-3.jpg', '2021-10-09 16:57:58', 1, 5),
(4, 'SPORTS NEWS 4', 'Lorem ipsum dolor sit amet, consectetur adipiscing elit. Morbi sapien odio, commodo id metus et, tincidunt lobortis tortor. Duis nunc ante, cursus pretium feugiat eu, euismod sed arcu. Morbi nec porttitor ante, ac euismod mi. Aenean nec maximus ex. Pellentesque iaculis ante quis volutpat porttitor. Integer erat erat, accumsan quis ornare id, scelerisque ac neque. Quisque molestie, erat sit amet fringilla aliquet, erat ipsum scelerisque mi, sed tempus velit ipsum non est. Ut lacinia sagittis est vel scelerisque. Duis sit amet quam elementum, efficitur metus vitae, viverra dui. Mauris in maximus lacus, eu auctor quam. Pellentesque ac lorem et eros vehicula tincidunt eget vitae quam. Integer vel tempor nisl. Pellentesque nunc dolor, scelerisque sed efficitur consectetur, semper nec erat. Aenean vitae pharetra felis, in fermentum eros.\r\n\r\nNulla at enim elementum, vulputate velit nec, elementum tortor. Donec faucibus neque et leo pretium placerat. Cras pharetra neque nisl, non consectetur elit pulvinar ut. Vestibulum ut nisl suscipit, efficitur lacus et, placerat augue. Integer ornare tempor pharetra. Aenean ac nisi consectetur, viverra dolor quis, eleifend tortor. Suspendisse tristique metus finibus ex porta pellentesque. Morbi finibus faucibus tortor at facilisis. Pellentesque hendrerit, massa id blandit interdum, nunc lorem blandit est, iaculis aliquam nunc tellus quis urna. Suspendisse mattis orci ac hendrerit faucibus. Sed a nibh augue. Sed quis eleifend leo. Suspendisse sollicitudin placerat purus, a accumsan libero. Nullam porttitor tellus nisl.\r\n\r\nAenean a velit iaculis, auctor erat nec, tincidunt leo. Vestibulum nec sagittis lorem, et tempus velit. Etiam pellentesque ex ipsum, a pharetra turpis pulvinar vitae. Quisque a libero porta arcu scelerisque tempus. In hac habitasse platea dictumst. Pellentesque varius finibus erat eget interdum. Nulla cursus quam est, vulputate interdum ligula elementum tincidunt. Curabitur tempor sodales molestie. Proin vel est neque.', 'sports/sports-4.jpg', '2021-10-09 16:57:58', 3, 5),
(5, 'SPORTS NEWS 5', 'Lorem ipsum dolor sit amet, consectetur adipiscing elit. Morbi sapien odio, commodo id metus et, tincidunt lobortis tortor. Duis nunc ante, cursus pretium feugiat eu, euismod sed arcu. Morbi nec porttitor ante, ac euismod mi. Aenean nec maximus ex. Pellentesque iaculis ante quis volutpat porttitor. Integer erat erat, accumsan quis ornare id, scelerisque ac neque. Quisque molestie, erat sit amet fringilla aliquet, erat ipsum scelerisque mi, sed tempus velit ipsum non est. Ut lacinia sagittis est vel scelerisque. Duis sit amet quam elementum, efficitur metus vitae, viverra dui. Mauris in maximus lacus, eu auctor quam. Pellentesque ac lorem et eros vehicula tincidunt eget vitae quam. Integer vel tempor nisl. Pellentesque nunc dolor, scelerisque sed efficitur consectetur, semper nec erat. Aenean vitae pharetra felis, in fermentum eros.\r\n\r\nNulla at enim elementum, vulputate velit nec, elementum tortor. Donec faucibus neque et leo pretium placerat. Cras pharetra neque nisl, non consectetur elit pulvinar ut. Vestibulum ut nisl suscipit, efficitur lacus et, placerat augue. Integer ornare tempor pharetra. Aenean ac nisi consectetur, viverra dolor quis, eleifend tortor. Suspendisse tristique metus finibus ex porta pellentesque. Morbi finibus faucibus tortor at facilisis. Pellentesque hendrerit, massa id blandit interdum, nunc lorem blandit est, iaculis aliquam nunc tellus quis urna. Suspendisse mattis orci ac hendrerit faucibus. Sed a nibh augue. Sed quis eleifend leo. Suspendisse sollicitudin placerat purus, a accumsan libero. Nullam porttitor tellus nisl.\r\n\r\nAenean a velit iaculis, auctor erat nec, tincidunt leo. Vestibulum nec sagittis lorem, et tempus velit. Etiam pellentesque ex ipsum, a pharetra turpis pulvinar vitae. Quisque a libero porta arcu scelerisque tempus. In hac habitasse platea dictumst. Pellentesque varius finibus erat eget interdum. Nulla cursus quam est, vulputate interdum ligula elementum tincidunt. Curabitur tempor sodales molestie. Proin vel est neque.', 'sports/sports-5.jpg', '2021-10-09 16:57:58', 1, 5),
(6, 'SPORTS NEWS 6', 'Lorem ipsum dolor sit amet, consectetur adipiscing elit. Morbi sapien odio, commodo id metus et, tincidunt lobortis tortor. Duis nunc ante, cursus pretium feugiat eu, euismod sed arcu. Morbi nec porttitor ante, ac euismod mi. Aenean nec maximus ex. Pellentesque iaculis ante quis volutpat porttitor. Integer erat erat, accumsan quis ornare id, scelerisque ac neque. Quisque molestie, erat sit amet fringilla aliquet, erat ipsum scelerisque mi, sed tempus velit ipsum non est. Ut lacinia sagittis est vel scelerisque. Duis sit amet quam elementum, efficitur metus vitae, viverra dui. Mauris in maximus lacus, eu auctor quam. Pellentesque ac lorem et eros vehicula tincidunt eget vitae quam. Integer vel tempor nisl. Pellentesque nunc dolor, scelerisque sed efficitur consectetur, semper nec erat. Aenean vitae pharetra felis, in fermentum eros.\r\n\r\nNulla at enim elementum, vulputate velit nec, elementum tortor. Donec faucibus neque et leo pretium placerat. Cras pharetra neque nisl, non consectetur elit pulvinar ut. Vestibulum ut nisl suscipit, efficitur lacus et, placerat augue. Integer ornare tempor pharetra. Aenean ac nisi consectetur, viverra dolor quis, eleifend tortor. Suspendisse tristique metus finibus ex porta pellentesque. Morbi finibus faucibus tortor at facilisis. Pellentesque hendrerit, massa id blandit interdum, nunc lorem blandit est, iaculis aliquam nunc tellus quis urna. Suspendisse mattis orci ac hendrerit faucibus. Sed a nibh augue. Sed quis eleifend leo. Suspendisse sollicitudin placerat purus, a accumsan libero. Nullam porttitor tellus nisl.\r\n\r\nAenean a velit iaculis, auctor erat nec, tincidunt leo. Vestibulum nec sagittis lorem, et tempus velit. Etiam pellentesque ex ipsum, a pharetra turpis pulvinar vitae. Quisque a libero porta arcu scelerisque tempus. In hac habitasse platea dictumst. Pellentesque varius finibus erat eget interdum. Nulla cursus quam est, vulputate interdum ligula elementum tincidunt. Curabitur tempor sodales molestie. Proin vel est neque.', 'sports/sports-6.jpg', '2021-10-09 16:57:58', 2, 5),
(7, 'SPORTS NEWS 7', 'Lorem ipsum dolor sit amet, consectetur adipiscing elit. Morbi sapien odio, commodo id metus et, tincidunt lobortis tortor. Duis nunc ante, cursus pretium feugiat eu, euismod sed arcu. Morbi nec porttitor ante, ac euismod mi. Aenean nec maximus ex. Pellentesque iaculis ante quis volutpat porttitor. Integer erat erat, accumsan quis ornare id, scelerisque ac neque. Quisque molestie, erat sit amet fringilla aliquet, erat ipsum scelerisque mi, sed tempus velit ipsum non est. Ut lacinia sagittis est vel scelerisque. Duis sit amet quam elementum, efficitur metus vitae, viverra dui. Mauris in maximus lacus, eu auctor quam. Pellentesque ac lorem et eros vehicula tincidunt eget vitae quam. Integer vel tempor nisl. Pellentesque nunc dolor, scelerisque sed efficitur consectetur, semper nec erat. Aenean vitae pharetra felis, in fermentum eros.\r\n\r\nNulla at enim elementum, vulputate velit nec, elementum tortor. Donec faucibus neque et leo pretium placerat. Cras pharetra neque nisl, non consectetur elit pulvinar ut. Vestibulum ut nisl suscipit, efficitur lacus et, placerat augue. Integer ornare tempor pharetra. Aenean ac nisi consectetur, viverra dolor quis, eleifend tortor. Suspendisse tristique metus finibus ex porta pellentesque. Morbi finibus faucibus tortor at facilisis. Pellentesque hendrerit, massa id blandit interdum, nunc lorem blandit est, iaculis aliquam nunc tellus quis urna. Suspendisse mattis orci ac hendrerit faucibus. Sed a nibh augue. Sed quis eleifend leo. Suspendisse sollicitudin placerat purus, a accumsan libero. Nullam porttitor tellus nisl.\r\n\r\nAenean a velit iaculis, auctor erat nec, tincidunt leo. Vestibulum nec sagittis lorem, et tempus velit. Etiam pellentesque ex ipsum, a pharetra turpis pulvinar vitae. Quisque a libero porta arcu scelerisque tempus. In hac habitasse platea dictumst. Pellentesque varius finibus erat eget interdum. Nulla cursus quam est, vulputate interdum ligula elementum tincidunt. Curabitur tempor sodales molestie. Proin vel est neque.', 'sports/sports-7.jpg', '2021-10-09 16:57:58', 1, 5),
(8, 'SPORTS NEWS 8', 'Lorem ipsum dolor sit amet, consectetur adipiscing elit. Morbi sapien odio, commodo id metus et, tincidunt lobortis tortor. Duis nunc ante, cursus pretium feugiat eu, euismod sed arcu. Morbi nec porttitor ante, ac euismod mi. Aenean nec maximus ex. Pellentesque iaculis ante quis volutpat porttitor. Integer erat erat, accumsan quis ornare id, scelerisque ac neque. Quisque molestie, erat sit amet fringilla aliquet, erat ipsum scelerisque mi, sed tempus velit ipsum non est. Ut lacinia sagittis est vel scelerisque. Duis sit amet quam elementum, efficitur metus vitae, viverra dui. Mauris in maximus lacus, eu auctor quam. Pellentesque ac lorem et eros vehicula tincidunt eget vitae quam. Integer vel tempor nisl. Pellentesque nunc dolor, scelerisque sed efficitur consectetur, semper nec erat. Aenean vitae pharetra felis, in fermentum eros.\r\n\r\nNulla at enim elementum, vulputate velit nec, elementum tortor. Donec faucibus neque et leo pretium placerat. Cras pharetra neque nisl, non consectetur elit pulvinar ut. Vestibulum ut nisl suscipit, efficitur lacus et, placerat augue. Integer ornare tempor pharetra. Aenean ac nisi consectetur, viverra dolor quis, eleifend tortor. Suspendisse tristique metus finibus ex porta pellentesque. Morbi finibus faucibus tortor at facilisis. Pellentesque hendrerit, massa id blandit interdum, nunc lorem blandit est, iaculis aliquam nunc tellus quis urna. Suspendisse mattis orci ac hendrerit faucibus. Sed a nibh augue. Sed quis eleifend leo. Suspendisse sollicitudin placerat purus, a accumsan libero. Nullam porttitor tellus nisl.\r\n\r\nAenean a velit iaculis, auctor erat nec, tincidunt leo. Vestibulum nec sagittis lorem, et tempus velit. Etiam pellentesque ex ipsum, a pharetra turpis pulvinar vitae. Quisque a libero porta arcu scelerisque tempus. In hac habitasse platea dictumst. Pellentesque varius finibus erat eget interdum. Nulla cursus quam est, vulputate interdum ligula elementum tincidunt. Curabitur tempor sodales molestie. Proin vel est neque.', 'sports/sports-8.jpg', '2021-10-09 16:57:58', 3, 5),
(9, 'WORLD NEWS 1', 'Lorem ipsum dolor sit amet, consectetur adipiscing elit. Morbi sapien odio, commodo id metus et, tincidunt lobortis tortor. Duis nunc ante, cursus pretium feugiat eu, euismod sed arcu. Morbi nec porttitor ante, ac euismod mi. Aenean nec maximus ex. Pellentesque iaculis ante quis volutpat porttitor. Integer erat erat, accumsan quis ornare id, scelerisque ac neque. Quisque molestie, erat sit amet fringilla aliquet, erat ipsum scelerisque mi, sed tempus velit ipsum non est. Ut lacinia sagittis est vel scelerisque. Duis sit amet quam elementum, efficitur metus vitae, viverra dui. Mauris in maximus lacus, eu auctor quam. Pellentesque ac lorem et eros vehicula tincidunt eget vitae quam. Integer vel tempor nisl. Pellentesque nunc dolor, scelerisque sed efficitur consectetur, semper nec erat. Aenean vitae pharetra felis, in fermentum eros.\r\n\r\nNulla at enim elementum, vulputate velit nec, elementum tortor. Donec faucibus neque et leo pretium placerat. Cras pharetra neque nisl, non consectetur elit pulvinar ut. Vestibulum ut nisl suscipit, efficitur lacus et, placerat augue. Integer ornare tempor pharetra. Aenean ac nisi consectetur, viverra dolor quis, eleifend tortor. Suspendisse tristique metus finibus ex porta pellentesque. Morbi finibus faucibus tortor at facilisis. Pellentesque hendrerit, massa id blandit interdum, nunc lorem blandit est, iaculis aliquam nunc tellus quis urna. Suspendisse mattis orci ac hendrerit faucibus. Sed a nibh augue. Sed quis eleifend leo. Suspendisse sollicitudin placerat purus, a accumsan libero. Nullam porttitor tellus nisl.\r\n\r\nAenean a velit iaculis, auctor erat nec, tincidunt leo. Vestibulum nec sagittis lorem, et tempus velit. Etiam pellentesque ex ipsum, a pharetra turpis pulvinar vitae. Quisque a libero porta arcu scelerisque tempus. In hac habitasse platea dictumst. Pellentesque varius finibus erat eget interdum. Nulla cursus quam est, vulputate interdum ligula elementum tincidunt. Curabitur tempor sodales molestie. Proin vel est neque.', 'world/world-1.jpg', '2021-10-09 16:57:58', 1, 1),
(10, 'WORLD NEWS 2', 'Lorem ipsum dolor sit amet, consectetur adipiscing elit. Morbi sapien odio, commodo id metus et, tincidunt lobortis tortor. Duis nunc ante, cursus pretium feugiat eu, euismod sed arcu. Morbi nec porttitor ante, ac euismod mi. Aenean nec maximus ex. Pellentesque iaculis ante quis volutpat porttitor. Integer erat erat, accumsan quis ornare id, scelerisque ac neque. Quisque molestie, erat sit amet fringilla aliquet, erat ipsum scelerisque mi, sed tempus velit ipsum non est. Ut lacinia sagittis est vel scelerisque. Duis sit amet quam elementum, efficitur metus vitae, viverra dui. Mauris in maximus lacus, eu auctor quam. Pellentesque ac lorem et eros vehicula tincidunt eget vitae quam. Integer vel tempor nisl. Pellentesque nunc dolor, scelerisque sed efficitur consectetur, semper nec erat. Aenean vitae pharetra felis, in fermentum eros.\r\n\r\nNulla at enim elementum, vulputate velit nec, elementum tortor. Donec faucibus neque et leo pretium placerat. Cras pharetra neque nisl, non consectetur elit pulvinar ut. Vestibulum ut nisl suscipit, efficitur lacus et, placerat augue. Integer ornare tempor pharetra. Aenean ac nisi consectetur, viverra dolor quis, eleifend tortor. Suspendisse tristique metus finibus ex porta pellentesque. Morbi finibus faucibus tortor at facilisis. Pellentesque hendrerit, massa id blandit interdum, nunc lorem blandit est, iaculis aliquam nunc tellus quis urna. Suspendisse mattis orci ac hendrerit faucibus. Sed a nibh augue. Sed quis eleifend leo. Suspendisse sollicitudin placerat purus, a accumsan libero. Nullam porttitor tellus nisl.\r\n\r\nAenean a velit iaculis, auctor erat nec, tincidunt leo. Vestibulum nec sagittis lorem, et tempus velit. Etiam pellentesque ex ipsum, a pharetra turpis pulvinar vitae. Quisque a libero porta arcu scelerisque tempus. In hac habitasse platea dictumst. Pellentesque varius finibus erat eget interdum. Nulla cursus quam est, vulputate interdum ligula elementum tincidunt. Curabitur tempor sodales molestie. Proin vel est neque.', 'world/world-2.jpg', '2021-10-09 16:57:58', 2, 1),
(11, 'WORLD NEWS 3', 'Lorem ipsum dolor sit amet, consectetur adipiscing elit. Morbi sapien odio, commodo id metus et, tincidunt lobortis tortor. Duis nunc ante, cursus pretium feugiat eu, euismod sed arcu. Morbi nec porttitor ante, ac euismod mi. Aenean nec maximus ex. Pellentesque iaculis ante quis volutpat porttitor. Integer erat erat, accumsan quis ornare id, scelerisque ac neque. Quisque molestie, erat sit amet fringilla aliquet, erat ipsum scelerisque mi, sed tempus velit ipsum non est. Ut lacinia sagittis est vel scelerisque. Duis sit amet quam elementum, efficitur metus vitae, viverra dui. Mauris in maximus lacus, eu auctor quam. Pellentesque ac lorem et eros vehicula tincidunt eget vitae quam. Integer vel tempor nisl. Pellentesque nunc dolor, scelerisque sed efficitur consectetur, semper nec erat. Aenean vitae pharetra felis, in fermentum eros.\r\n\r\nNulla at enim elementum, vulputate velit nec, elementum tortor. Donec faucibus neque et leo pretium placerat. Cras pharetra neque nisl, non consectetur elit pulvinar ut. Vestibulum ut nisl suscipit, efficitur lacus et, placerat augue. Integer ornare tempor pharetra. Aenean ac nisi consectetur, viverra dolor quis, eleifend tortor. Suspendisse tristique metus finibus ex porta pellentesque. Morbi finibus faucibus tortor at facilisis. Pellentesque hendrerit, massa id blandit interdum, nunc lorem blandit est, iaculis aliquam nunc tellus quis urna. Suspendisse mattis orci ac hendrerit faucibus. Sed a nibh augue. Sed quis eleifend leo. Suspendisse sollicitudin placerat purus, a accumsan libero. Nullam porttitor tellus nisl.\r\n\r\nAenean a velit iaculis, auctor erat nec, tincidunt leo. Vestibulum nec sagittis lorem, et tempus velit. Etiam pellentesque ex ipsum, a pharetra turpis pulvinar vitae. Quisque a libero porta arcu scelerisque tempus. In hac habitasse platea dictumst. Pellentesque varius finibus erat eget interdum. Nulla cursus quam est, vulputate interdum ligula elementum tincidunt. Curabitur tempor sodales molestie. Proin vel est neque.', 'world/world-3.jpg', '2021-10-09 16:57:58', 1, 1),
(12, 'WORLD NEWS 4', 'Lorem ipsum dolor sit amet, consectetur adipiscing elit. Morbi sapien odio, commodo id metus et, tincidunt lobortis tortor. Duis nunc ante, cursus pretium feugiat eu, euismod sed arcu. Morbi nec porttitor ante, ac euismod mi. Aenean nec maximus ex. Pellentesque iaculis ante quis volutpat porttitor. Integer erat erat, accumsan quis ornare id, scelerisque ac neque. Quisque molestie, erat sit amet fringilla aliquet, erat ipsum scelerisque mi, sed tempus velit ipsum non est. Ut lacinia sagittis est vel scelerisque. Duis sit amet quam elementum, efficitur metus vitae, viverra dui. Mauris in maximus lacus, eu auctor quam. Pellentesque ac lorem et eros vehicula tincidunt eget vitae quam. Integer vel tempor nisl. Pellentesque nunc dolor, scelerisque sed efficitur consectetur, semper nec erat. Aenean vitae pharetra felis, in fermentum eros.\r\n\r\nNulla at enim elementum, vulputate velit nec, elementum tortor. Donec faucibus neque et leo pretium placerat. Cras pharetra neque nisl, non consectetur elit pulvinar ut. Vestibulum ut nisl suscipit, efficitur lacus et, placerat augue. Integer ornare tempor pharetra. Aenean ac nisi consectetur, viverra dolor quis, eleifend tortor. Suspendisse tristique metus finibus ex porta pellentesque. Morbi finibus faucibus tortor at facilisis. Pellentesque hendrerit, massa id blandit interdum, nunc lorem blandit est, iaculis aliquam nunc tellus quis urna. Suspendisse mattis orci ac hendrerit faucibus. Sed a nibh augue. Sed quis eleifend leo. Suspendisse sollicitudin placerat purus, a accumsan libero. Nullam porttitor tellus nisl.\r\n\r\nAenean a velit iaculis, auctor erat nec, tincidunt leo. Vestibulum nec sagittis lorem, et tempus velit. Etiam pellentesque ex ipsum, a pharetra turpis pulvinar vitae. Quisque a libero porta arcu scelerisque tempus. In hac habitasse platea dictumst. Pellentesque varius finibus erat eget interdum. Nulla cursus quam est, vulputate interdum ligula elementum tincidunt. Curabitur tempor sodales molestie. Proin vel est neque.', 'world/world-4.jpg', '2021-10-09 16:57:58', 3, 1),
(13, 'WORLD NEWS 5', 'Lorem ipsum dolor sit amet, consectetur adipiscing elit. Morbi sapien odio, commodo id metus et, tincidunt lobortis tortor. Duis nunc ante, cursus pretium feugiat eu, euismod sed arcu. Morbi nec porttitor ante, ac euismod mi. Aenean nec maximus ex. Pellentesque iaculis ante quis volutpat porttitor. Integer erat erat, accumsan quis ornare id, scelerisque ac neque. Quisque molestie, erat sit amet fringilla aliquet, erat ipsum scelerisque mi, sed tempus velit ipsum non est. Ut lacinia sagittis est vel scelerisque. Duis sit amet quam elementum, efficitur metus vitae, viverra dui. Mauris in maximus lacus, eu auctor quam. Pellentesque ac lorem et eros vehicula tincidunt eget vitae quam. Integer vel tempor nisl. Pellentesque nunc dolor, scelerisque sed efficitur consectetur, semper nec erat. Aenean vitae pharetra felis, in fermentum eros.\r\n\r\nNulla at enim elementum, vulputate velit nec, elementum tortor. Donec faucibus neque et leo pretium placerat. Cras pharetra neque nisl, non consectetur elit pulvinar ut. Vestibulum ut nisl suscipit, efficitur lacus et, placerat augue. Integer ornare tempor pharetra. Aenean ac nisi consectetur, viverra dolor quis, eleifend tortor. Suspendisse tristique metus finibus ex porta pellentesque. Morbi finibus faucibus tortor at facilisis. Pellentesque hendrerit, massa id blandit interdum, nunc lorem blandit est, iaculis aliquam nunc tellus quis urna. Suspendisse mattis orci ac hendrerit faucibus. Sed a nibh augue. Sed quis eleifend leo. Suspendisse sollicitudin placerat purus, a accumsan libero. Nullam porttitor tellus nisl.\r\n\r\nAenean a velit iaculis, auctor erat nec, tincidunt leo. Vestibulum nec sagittis lorem, et tempus velit. Etiam pellentesque ex ipsum, a pharetra turpis pulvinar vitae. Quisque a libero porta arcu scelerisque tempus. In hac habitasse platea dictumst. Pellentesque varius finibus erat eget interdum. Nulla cursus quam est, vulputate interdum ligula elementum tincidunt. Curabitur tempor sodales molestie. Proin vel est neque.', 'world/world-5.jpg', '2021-10-09 16:57:58', 1, 1),
(14, 'WORLD NEWS 6', 'Lorem ipsum dolor sit amet, consectetur adipiscing elit. Morbi sapien odio, commodo id metus et, tincidunt lobortis tortor. Duis nunc ante, cursus pretium feugiat eu, euismod sed arcu. Morbi nec porttitor ante, ac euismod mi. Aenean nec maximus ex. Pellentesque iaculis ante quis volutpat porttitor. Integer erat erat, accumsan quis ornare id, scelerisque ac neque. Quisque molestie, erat sit amet fringilla aliquet, erat ipsum scelerisque mi, sed tempus velit ipsum non est. Ut lacinia sagittis est vel scelerisque. Duis sit amet quam elementum, efficitur metus vitae, viverra dui. Mauris in maximus lacus, eu auctor quam. Pellentesque ac lorem et eros vehicula tincidunt eget vitae quam. Integer vel tempor nisl. Pellentesque nunc dolor, scelerisque sed efficitur consectetur, semper nec erat. Aenean vitae pharetra felis, in fermentum eros.\r\n\r\nNulla at enim elementum, vulputate velit nec, elementum tortor. Donec faucibus neque et leo pretium placerat. Cras pharetra neque nisl, non consectetur elit pulvinar ut. Vestibulum ut nisl suscipit, efficitur lacus et, placerat augue. Integer ornare tempor pharetra. Aenean ac nisi consectetur, viverra dolor quis, eleifend tortor. Suspendisse tristique metus finibus ex porta pellentesque. Morbi finibus faucibus tortor at facilisis. Pellentesque hendrerit, massa id blandit interdum, nunc lorem blandit est, iaculis aliquam nunc tellus quis urna. Suspendisse mattis orci ac hendrerit faucibus. Sed a nibh augue. Sed quis eleifend leo. Suspendisse sollicitudin placerat purus, a accumsan libero. Nullam porttitor tellus nisl.\r\n\r\nAenean a velit iaculis, auctor erat nec, tincidunt leo. Vestibulum nec sagittis lorem, et tempus velit. Etiam pellentesque ex ipsum, a pharetra turpis pulvinar vitae. Quisque a libero porta arcu scelerisque tempus. In hac habitasse platea dictumst. Pellentesque varius finibus erat eget interdum. Nulla cursus quam est, vulputate interdum ligula elementum tincidunt. Curabitur tempor sodales molestie. Proin vel est neque.', 'world/world-6.jpg', '2021-10-09 16:57:58', 2, 1),
(15, 'WORLD NEWS 7', 'Lorem ipsum dolor sit amet, consectetur adipiscing elit. Morbi sapien odio, commodo id metus et, tincidunt lobortis tortor. Duis nunc ante, cursus pretium feugiat eu, euismod sed arcu. Morbi nec porttitor ante, ac euismod mi. Aenean nec maximus ex. Pellentesque iaculis ante quis volutpat porttitor. Integer erat erat, accumsan quis ornare id, scelerisque ac neque. Quisque molestie, erat sit amet fringilla aliquet, erat ipsum scelerisque mi, sed tempus velit ipsum non est. Ut lacinia sagittis est vel scelerisque. Duis sit amet quam elementum, efficitur metus vitae, viverra dui. Mauris in maximus lacus, eu auctor quam. Pellentesque ac lorem et eros vehicula tincidunt eget vitae quam. Integer vel tempor nisl. Pellentesque nunc dolor, scelerisque sed efficitur consectetur, semper nec erat. Aenean vitae pharetra felis, in fermentum eros.\r\n\r\nNulla at enim elementum, vulputate velit nec, elementum tortor. Donec faucibus neque et leo pretium placerat. Cras pharetra neque nisl, non consectetur elit pulvinar ut. Vestibulum ut nisl suscipit, efficitur lacus et, placerat augue. Integer ornare tempor pharetra. Aenean ac nisi consectetur, viverra dolor quis, eleifend tortor. Suspendisse tristique metus finibus ex porta pellentesque. Morbi finibus faucibus tortor at facilisis. Pellentesque hendrerit, massa id blandit interdum, nunc lorem blandit est, iaculis aliquam nunc tellus quis urna. Suspendisse mattis orci ac hendrerit faucibus. Sed a nibh augue. Sed quis eleifend leo. Suspendisse sollicitudin placerat purus, a accumsan libero. Nullam porttitor tellus nisl.\r\n\r\nAenean a velit iaculis, auctor erat nec, tincidunt leo. Vestibulum nec sagittis lorem, et tempus velit. Etiam pellentesque ex ipsum, a pharetra turpis pulvinar vitae. Quisque a libero porta arcu scelerisque tempus. In hac habitasse platea dictumst. Pellentesque varius finibus erat eget interdum. Nulla cursus quam est, vulputate interdum ligula elementum tincidunt. Curabitur tempor sodales molestie. Proin vel est neque.', 'world/world-7.jpg', '2021-10-09 16:57:58', 1, 1),
(16, 'WORLD NEWS 8', 'Lorem ipsum dolor sit amet, consectetur adipiscing elit. Morbi sapien odio, commodo id metus et, tincidunt lobortis tortor. Duis nunc ante, cursus pretium feugiat eu, euismod sed arcu. Morbi nec porttitor ante, ac euismod mi. Aenean nec maximus ex. Pellentesque iaculis ante quis volutpat porttitor. Integer erat erat, accumsan quis ornare id, scelerisque ac neque. Quisque molestie, erat sit amet fringilla aliquet, erat ipsum scelerisque mi, sed tempus velit ipsum non est. Ut lacinia sagittis est vel scelerisque. Duis sit amet quam elementum, efficitur metus vitae, viverra dui. Mauris in maximus lacus, eu auctor quam. Pellentesque ac lorem et eros vehicula tincidunt eget vitae quam. Integer vel tempor nisl. Pellentesque nunc dolor, scelerisque sed efficitur consectetur, semper nec erat. Aenean vitae pharetra felis, in fermentum eros.\r\n\r\nNulla at enim elementum, vulputate velit nec, elementum tortor. Donec faucibus neque et leo pretium placerat. Cras pharetra neque nisl, non consectetur elit pulvinar ut. Vestibulum ut nisl suscipit, efficitur lacus et, placerat augue. Integer ornare tempor pharetra. Aenean ac nisi consectetur, viverra dolor quis, eleifend tortor. Suspendisse tristique metus finibus ex porta pellentesque. Morbi finibus faucibus tortor at facilisis. Pellentesque hendrerit, massa id blandit interdum, nunc lorem blandit est, iaculis aliquam nunc tellus quis urna. Suspendisse mattis orci ac hendrerit faucibus. Sed a nibh augue. Sed quis eleifend leo. Suspendisse sollicitudin placerat purus, a accumsan libero. Nullam porttitor tellus nisl.\r\n\r\nAenean a velit iaculis, auctor erat nec, tincidunt leo. Vestibulum nec sagittis lorem, et tempus velit. Etiam pellentesque ex ipsum, a pharetra turpis pulvinar vitae. Quisque a libero porta arcu scelerisque tempus. In hac habitasse platea dictumst. Pellentesque varius finibus erat eget interdum. Nulla cursus quam est, vulputate interdum ligula elementum tincidunt. Curabitur tempor sodales molestie. Proin vel est neque.', 'world/world-8.jpg', '2021-09-15 16:57:58', 3, 1),
(17, 'STYLE NEWS 1', 'Lorem ipsum dolor sit amet, consectetur adipiscing elit. Morbi sapien odio, commodo id metus et, tincidunt lobortis tortor. Duis nunc ante, cursus pretium feugiat eu, euismod sed arcu. Morbi nec porttitor ante, ac euismod mi. Aenean nec maximus ex. Pellentesque iaculis ante quis volutpat porttitor. Integer erat erat, accumsan quis ornare id, scelerisque ac neque. Quisque molestie, erat sit amet fringilla aliquet, erat ipsum scelerisque mi, sed tempus velit ipsum non est. Ut lacinia sagittis est vel scelerisque. Duis sit amet quam elementum, efficitur metus vitae, viverra dui. Mauris in maximus lacus, eu auctor quam. Pellentesque ac lorem et eros vehicula tincidunt eget vitae quam. Integer vel tempor nisl. Pellentesque nunc dolor, scelerisque sed efficitur consectetur, semper nec erat. Aenean vitae pharetra felis, in fermentum eros.\r\n\r\nNulla at enim elementum, vulputate velit nec, elementum tortor. Donec faucibus neque et leo pretium placerat. Cras pharetra neque nisl, non consectetur elit pulvinar ut. Vestibulum ut nisl suscipit, efficitur lacus et, placerat augue. Integer ornare tempor pharetra. Aenean ac nisi consectetur, viverra dolor quis, eleifend tortor. Suspendisse tristique metus finibus ex porta pellentesque. Morbi finibus faucibus tortor at facilisis. Pellentesque hendrerit, massa id blandit interdum, nunc lorem blandit est, iaculis aliquam nunc tellus quis urna. Suspendisse mattis orci ac hendrerit faucibus. Sed a nibh augue. Sed quis eleifend leo. Suspendisse sollicitudin placerat purus, a accumsan libero. Nullam porttitor tellus nisl.\r\n\r\nAenean a velit iaculis, auctor erat nec, tincidunt leo. Vestibulum nec sagittis lorem, et tempus velit. Etiam pellentesque ex ipsum, a pharetra turpis pulvinar vitae. Quisque a libero porta arcu scelerisque tempus. In hac habitasse platea dictumst. Pellentesque varius finibus erat eget interdum. Nulla cursus quam est, vulputate interdum ligula elementum tincidunt. Curabitur tempor sodales molestie. Proin vel est neque.', 'style/style-1.jpg', '2021-10-09 16:57:58', 1, 7),
(18, 'STYLE NEWS 2', 'Lorem ipsum dolor sit amet, consectetur adipiscing elit. Morbi sapien odio, commodo id metus et, tincidunt lobortis tortor. Duis nunc ante, cursus pretium feugiat eu, euismod sed arcu. Morbi nec porttitor ante, ac euismod mi. Aenean nec maximus ex. Pellentesque iaculis ante quis volutpat porttitor. Integer erat erat, accumsan quis ornare id, scelerisque ac neque. Quisque molestie, erat sit amet fringilla aliquet, erat ipsum scelerisque mi, sed tempus velit ipsum non est. Ut lacinia sagittis est vel scelerisque. Duis sit amet quam elementum, efficitur metus vitae, viverra dui. Mauris in maximus lacus, eu auctor quam. Pellentesque ac lorem et eros vehicula tincidunt eget vitae quam. Integer vel tempor nisl. Pellentesque nunc dolor, scelerisque sed efficitur consectetur, semper nec erat. Aenean vitae pharetra felis, in fermentum eros.\r\n\r\nNulla at enim elementum, vulputate velit nec, elementum tortor. Donec faucibus neque et leo pretium placerat. Cras pharetra neque nisl, non consectetur elit pulvinar ut. Vestibulum ut nisl suscipit, efficitur lacus et, placerat augue. Integer ornare tempor pharetra. Aenean ac nisi consectetur, viverra dolor quis, eleifend tortor. Suspendisse tristique metus finibus ex porta pellentesque. Morbi finibus faucibus tortor at facilisis. Pellentesque hendrerit, massa id blandit interdum, nunc lorem blandit est, iaculis aliquam nunc tellus quis urna. Suspendisse mattis orci ac hendrerit faucibus. Sed a nibh augue. Sed quis eleifend leo. Suspendisse sollicitudin placerat purus, a accumsan libero. Nullam porttitor tellus nisl.\r\n\r\nAenean a velit iaculis, auctor erat nec, tincidunt leo. Vestibulum nec sagittis lorem, et tempus velit. Etiam pellentesque ex ipsum, a pharetra turpis pulvinar vitae. Quisque a libero porta arcu scelerisque tempus. In hac habitasse platea dictumst. Pellentesque varius finibus erat eget interdum. Nulla cursus quam est, vulputate interdum ligula elementum tincidunt. Curabitur tempor sodales molestie. Proin vel est neque.', 'style/style-2.jpg', '2021-10-09 16:57:58', 2, 7),
(19, 'STYLE NEWS 3', 'Lorem ipsum dolor sit amet, consectetur adipiscing elit. Morbi sapien odio, commodo id metus et, tincidunt lobortis tortor. Duis nunc ante, cursus pretium feugiat eu, euismod sed arcu. Morbi nec porttitor ante, ac euismod mi. Aenean nec maximus ex. Pellentesque iaculis ante quis volutpat porttitor. Integer erat erat, accumsan quis ornare id, scelerisque ac neque. Quisque molestie, erat sit amet fringilla aliquet, erat ipsum scelerisque mi, sed tempus velit ipsum non est. Ut lacinia sagittis est vel scelerisque. Duis sit amet quam elementum, efficitur metus vitae, viverra dui. Mauris in maximus lacus, eu auctor quam. Pellentesque ac lorem et eros vehicula tincidunt eget vitae quam. Integer vel tempor nisl. Pellentesque nunc dolor, scelerisque sed efficitur consectetur, semper nec erat. Aenean vitae pharetra felis, in fermentum eros.\r\n\r\nNulla at enim elementum, vulputate velit nec, elementum tortor. Donec faucibus neque et leo pretium placerat. Cras pharetra neque nisl, non consectetur elit pulvinar ut. Vestibulum ut nisl suscipit, efficitur lacus et, placerat augue. Integer ornare tempor pharetra. Aenean ac nisi consectetur, viverra dolor quis, eleifend tortor. Suspendisse tristique metus finibus ex porta pellentesque. Morbi finibus faucibus tortor at facilisis. Pellentesque hendrerit, massa id blandit interdum, nunc lorem blandit est, iaculis aliquam nunc tellus quis urna. Suspendisse mattis orci ac hendrerit faucibus. Sed a nibh augue. Sed quis eleifend leo. Suspendisse sollicitudin placerat purus, a accumsan libero. Nullam porttitor tellus nisl.\r\n\r\nAenean a velit iaculis, auctor erat nec, tincidunt leo. Vestibulum nec sagittis lorem, et tempus velit. Etiam pellentesque ex ipsum, a pharetra turpis pulvinar vitae. Quisque a libero porta arcu scelerisque tempus. In hac habitasse platea dictumst. Pellentesque varius finibus erat eget interdum. Nulla cursus quam est, vulputate interdum ligula elementum tincidunt. Curabitur tempor sodales molestie. Proin vel est neque.', 'style/style-3.jpg', '2021-10-09 16:57:58', 1, 7),
(20, 'STYLE NEWS 4', 'Lorem ipsum dolor sit amet, consectetur adipiscing elit. Morbi sapien odio, commodo id metus et, tincidunt lobortis tortor. Duis nunc ante, cursus pretium feugiat eu, euismod sed arcu. Morbi nec porttitor ante, ac euismod mi. Aenean nec maximus ex. Pellentesque iaculis ante quis volutpat porttitor. Integer erat erat, accumsan quis ornare id, scelerisque ac neque. Quisque molestie, erat sit amet fringilla aliquet, erat ipsum scelerisque mi, sed tempus velit ipsum non est. Ut lacinia sagittis est vel scelerisque. Duis sit amet quam elementum, efficitur metus vitae, viverra dui. Mauris in maximus lacus, eu auctor quam. Pellentesque ac lorem et eros vehicula tincidunt eget vitae quam. Integer vel tempor nisl. Pellentesque nunc dolor, scelerisque sed efficitur consectetur, semper nec erat. Aenean vitae pharetra felis, in fermentum eros.\r\n\r\nNulla at enim elementum, vulputate velit nec, elementum tortor. Donec faucibus neque et leo pretium placerat. Cras pharetra neque nisl, non consectetur elit pulvinar ut. Vestibulum ut nisl suscipit, efficitur lacus et, placerat augue. Integer ornare tempor pharetra. Aenean ac nisi consectetur, viverra dolor quis, eleifend tortor. Suspendisse tristique metus finibus ex porta pellentesque. Morbi finibus faucibus tortor at facilisis. Pellentesque hendrerit, massa id blandit interdum, nunc lorem blandit est, iaculis aliquam nunc tellus quis urna. Suspendisse mattis orci ac hendrerit faucibus. Sed a nibh augue. Sed quis eleifend leo. Suspendisse sollicitudin placerat purus, a accumsan libero. Nullam porttitor tellus nisl.\r\n\r\nAenean a velit iaculis, auctor erat nec, tincidunt leo. Vestibulum nec sagittis lorem, et tempus velit. Etiam pellentesque ex ipsum, a pharetra turpis pulvinar vitae. Quisque a libero porta arcu scelerisque tempus. In hac habitasse platea dictumst. Pellentesque varius finibus erat eget interdum. Nulla cursus quam est, vulputate interdum ligula elementum tincidunt. Curabitur tempor sodales molestie. Proin vel est neque.', 'style/style-4.jpg', '2021-10-09 16:57:58', 3, 7),
(21, 'STYLE NEWS 5', 'Lorem ipsum dolor sit amet, consectetur adipiscing elit. Morbi sapien odio, commodo id metus et, tincidunt lobortis tortor. Duis nunc ante, cursus pretium feugiat eu, euismod sed arcu. Morbi nec porttitor ante, ac euismod mi. Aenean nec maximus ex. Pellentesque iaculis ante quis volutpat porttitor. Integer erat erat, accumsan quis ornare id, scelerisque ac neque. Quisque molestie, erat sit amet fringilla aliquet, erat ipsum scelerisque mi, sed tempus velit ipsum non est. Ut lacinia sagittis est vel scelerisque. Duis sit amet quam elementum, efficitur metus vitae, viverra dui. Mauris in maximus lacus, eu auctor quam. Pellentesque ac lorem et eros vehicula tincidunt eget vitae quam. Integer vel tempor nisl. Pellentesque nunc dolor, scelerisque sed efficitur consectetur, semper nec erat. Aenean vitae pharetra felis, in fermentum eros.\r\n\r\nNulla at enim elementum, vulputate velit nec, elementum tortor. Donec faucibus neque et leo pretium placerat. Cras pharetra neque nisl, non consectetur elit pulvinar ut. Vestibulum ut nisl suscipit, efficitur lacus et, placerat augue. Integer ornare tempor pharetra. Aenean ac nisi consectetur, viverra dolor quis, eleifend tortor. Suspendisse tristique metus finibus ex porta pellentesque. Morbi finibus faucibus tortor at facilisis. Pellentesque hendrerit, massa id blandit interdum, nunc lorem blandit est, iaculis aliquam nunc tellus quis urna. Suspendisse mattis orci ac hendrerit faucibus. Sed a nibh augue. Sed quis eleifend leo. Suspendisse sollicitudin placerat purus, a accumsan libero. Nullam porttitor tellus nisl.\r\n\r\nAenean a velit iaculis, auctor erat nec, tincidunt leo. Vestibulum nec sagittis lorem, et tempus velit. Etiam pellentesque ex ipsum, a pharetra turpis pulvinar vitae. Quisque a libero porta arcu scelerisque tempus. In hac habitasse platea dictumst. Pellentesque varius finibus erat eget interdum. Nulla cursus quam est, vulputate interdum ligula elementum tincidunt. Curabitur tempor sodales molestie. Proin vel est neque.', 'style/style-5.jpg', '2021-10-09 16:57:58', 1, 7),
(22, 'STYLE NEWS 6', 'Lorem ipsum dolor sit amet, consectetur adipiscing elit. Morbi sapien odio, commodo id metus et, tincidunt lobortis tortor. Duis nunc ante, cursus pretium feugiat eu, euismod sed arcu. Morbi nec porttitor ante, ac euismod mi. Aenean nec maximus ex. Pellentesque iaculis ante quis volutpat porttitor. Integer erat erat, accumsan quis ornare id, scelerisque ac neque. Quisque molestie, erat sit amet fringilla aliquet, erat ipsum scelerisque mi, sed tempus velit ipsum non est. Ut lacinia sagittis est vel scelerisque. Duis sit amet quam elementum, efficitur metus vitae, viverra dui. Mauris in maximus lacus, eu auctor quam. Pellentesque ac lorem et eros vehicula tincidunt eget vitae quam. Integer vel tempor nisl. Pellentesque nunc dolor, scelerisque sed efficitur consectetur, semper nec erat. Aenean vitae pharetra felis, in fermentum eros.\r\n\r\nNulla at enim elementum, vulputate velit nec, elementum tortor. Donec faucibus neque et leo pretium placerat. Cras pharetra neque nisl, non consectetur elit pulvinar ut. Vestibulum ut nisl suscipit, efficitur lacus et, placerat augue. Integer ornare tempor pharetra. Aenean ac nisi consectetur, viverra dolor quis, eleifend tortor. Suspendisse tristique metus finibus ex porta pellentesque. Morbi finibus faucibus tortor at facilisis. Pellentesque hendrerit, massa id blandit interdum, nunc lorem blandit est, iaculis aliquam nunc tellus quis urna. Suspendisse mattis orci ac hendrerit faucibus. Sed a nibh augue. Sed quis eleifend leo. Suspendisse sollicitudin placerat purus, a accumsan libero. Nullam porttitor tellus nisl.\r\n\r\nAenean a velit iaculis, auctor erat nec, tincidunt leo. Vestibulum nec sagittis lorem, et tempus velit. Etiam pellentesque ex ipsum, a pharetra turpis pulvinar vitae. Quisque a libero porta arcu scelerisque tempus. In hac habitasse platea dictumst. Pellentesque varius finibus erat eget interdum. Nulla cursus quam est, vulputate interdum ligula elementum tincidunt. Curabitur tempor sodales molestie. Proin vel est neque.', 'style/style-6.jpg', '2021-10-09 16:57:58', 2, 7),
(23, 'STYLE NEWS 7', 'Lorem ipsum dolor sit amet, consectetur adipiscing elit. Morbi sapien odio, commodo id metus et, tincidunt lobortis tortor. Duis nunc ante, cursus pretium feugiat eu, euismod sed arcu. Morbi nec porttitor ante, ac euismod mi. Aenean nec maximus ex. Pellentesque iaculis ante quis volutpat porttitor. Integer erat erat, accumsan quis ornare id, scelerisque ac neque. Quisque molestie, erat sit amet fringilla aliquet, erat ipsum scelerisque mi, sed tempus velit ipsum non est. Ut lacinia sagittis est vel scelerisque. Duis sit amet quam elementum, efficitur metus vitae, viverra dui. Mauris in maximus lacus, eu auctor quam. Pellentesque ac lorem et eros vehicula tincidunt eget vitae quam. Integer vel tempor nisl. Pellentesque nunc dolor, scelerisque sed efficitur consectetur, semper nec erat. Aenean vitae pharetra felis, in fermentum eros.\r\n\r\nNulla at enim elementum, vulputate velit nec, elementum tortor. Donec faucibus neque et leo pretium placerat. Cras pharetra neque nisl, non consectetur elit pulvinar ut. Vestibulum ut nisl suscipit, efficitur lacus et, placerat augue. Integer ornare tempor pharetra. Aenean ac nisi consectetur, viverra dolor quis, eleifend tortor. Suspendisse tristique metus finibus ex porta pellentesque. Morbi finibus faucibus tortor at facilisis. Pellentesque hendrerit, massa id blandit interdum, nunc lorem blandit est, iaculis aliquam nunc tellus quis urna. Suspendisse mattis orci ac hendrerit faucibus. Sed a nibh augue. Sed quis eleifend leo. Suspendisse sollicitudin placerat purus, a accumsan libero. Nullam porttitor tellus nisl.\r\n\r\nAenean a velit iaculis, auctor erat nec, tincidunt leo. Vestibulum nec sagittis lorem, et tempus velit. Etiam pellentesque ex ipsum, a pharetra turpis pulvinar vitae. Quisque a libero porta arcu scelerisque tempus. In hac habitasse platea dictumst. Pellentesque varius finibus erat eget interdum. Nulla cursus quam est, vulputate interdum ligula elementum tincidunt. Curabitur tempor sodales molestie. Proin vel est neque.', 'style/style-7.jpg', '2021-10-09 16:57:58', 1, 7);
INSERT INTO `news` (`news_id`, `news_title`, `news_content`, `news_photo`, `news_date`, `users_id`, `category_id`) VALUES
(24, 'STYLE NEWS 8', 'Lorem ipsum dolor sit amet, consectetur adipiscing elit. Morbi sapien odio, commodo id metus et, tincidunt lobortis tortor. Duis nunc ante, cursus pretium feugiat eu, euismod sed arcu. Morbi nec porttitor ante, ac euismod mi. Aenean nec maximus ex. Pellentesque iaculis ante quis volutpat porttitor. Integer erat erat, accumsan quis ornare id, scelerisque ac neque. Quisque molestie, erat sit amet fringilla aliquet, erat ipsum scelerisque mi, sed tempus velit ipsum non est. Ut lacinia sagittis est vel scelerisque. Duis sit amet quam elementum, efficitur metus vitae, viverra dui. Mauris in maximus lacus, eu auctor quam. Pellentesque ac lorem et eros vehicula tincidunt eget vitae quam. Integer vel tempor nisl. Pellentesque nunc dolor, scelerisque sed efficitur consectetur, semper nec erat. Aenean vitae pharetra felis, in fermentum eros.\r\n\r\nNulla at enim elementum, vulputate velit nec, elementum tortor. Donec faucibus neque et leo pretium placerat. Cras pharetra neque nisl, non consectetur elit pulvinar ut. Vestibulum ut nisl suscipit, efficitur lacus et, placerat augue. Integer ornare tempor pharetra. Aenean ac nisi consectetur, viverra dolor quis, eleifend tortor. Suspendisse tristique metus finibus ex porta pellentesque. Morbi finibus faucibus tortor at facilisis. Pellentesque hendrerit, massa id blandit interdum, nunc lorem blandit est, iaculis aliquam nunc tellus quis urna. Suspendisse mattis orci ac hendrerit faucibus. Sed a nibh augue. Sed quis eleifend leo. Suspendisse sollicitudin placerat purus, a accumsan libero. Nullam porttitor tellus nisl.\r\n\r\nAenean a velit iaculis, auctor erat nec, tincidunt leo. Vestibulum nec sagittis lorem, et tempus velit. Etiam pellentesque ex ipsum, a pharetra turpis pulvinar vitae. Quisque a libero porta arcu scelerisque tempus. In hac habitasse platea dictumst. Pellentesque varius finibus erat eget interdum. Nulla cursus quam est, vulputate interdum ligula elementum tincidunt. Curabitur tempor sodales molestie. Proin vel est neque.', 'style/style-8.jpg', '2021-10-09 16:57:58', 3, 7),
(25, 'HEALTH NEWS 1', 'Lorem ipsum dolor sit amet, consectetur adipiscing elit. Morbi sapien odio, commodo id metus et, tincidunt lobortis tortor. Duis nunc ante, cursus pretium feugiat eu, euismod sed arcu. Morbi nec porttitor ante, ac euismod mi. Aenean nec maximus ex. Pellentesque iaculis ante quis volutpat porttitor. Integer erat erat, accumsan quis ornare id, scelerisque ac neque. Quisque molestie, erat sit amet fringilla aliquet, erat ipsum scelerisque mi, sed tempus velit ipsum non est. Ut lacinia sagittis est vel scelerisque. Duis sit amet quam elementum, efficitur metus vitae, viverra dui. Mauris in maximus lacus, eu auctor quam. Pellentesque ac lorem et eros vehicula tincidunt eget vitae quam. Integer vel tempor nisl. Pellentesque nunc dolor, scelerisque sed efficitur consectetur, semper nec erat. Aenean vitae pharetra felis, in fermentum eros.\r\n\r\nNulla at enim elementum, vulputate velit nec, elementum tortor. Donec faucibus neque et leo pretium placerat. Cras pharetra neque nisl, non consectetur elit pulvinar ut. Vestibulum ut nisl suscipit, efficitur lacus et, placerat augue. Integer ornare tempor pharetra. Aenean ac nisi consectetur, viverra dolor quis, eleifend tortor. Suspendisse tristique metus finibus ex porta pellentesque. Morbi finibus faucibus tortor at facilisis. Pellentesque hendrerit, massa id blandit interdum, nunc lorem blandit est, iaculis aliquam nunc tellus quis urna. Suspendisse mattis orci ac hendrerit faucibus. Sed a nibh augue. Sed quis eleifend leo. Suspendisse sollicitudin placerat purus, a accumsan libero. Nullam porttitor tellus nisl.\r\n\r\nAenean a velit iaculis, auctor erat nec, tincidunt leo. Vestibulum nec sagittis lorem, et tempus velit. Etiam pellentesque ex ipsum, a pharetra turpis pulvinar vitae. Quisque a libero porta arcu scelerisque tempus. In hac habitasse platea dictumst. Pellentesque varius finibus erat eget interdum. Nulla cursus quam est, vulputate interdum ligula elementum tincidunt. Curabitur tempor sodales molestie. Proin vel est neque.', 'health/health-1.jpg', '2021-10-11 16:57:58', 1, 2),
(26, 'HEALTH NEWS 2', 'Lorem ipsum dolor sit amet, consectetur adipiscing elit. Morbi sapien odio, commodo id metus et, tincidunt lobortis tortor. Duis nunc ante, cursus pretium feugiat eu, euismod sed arcu. Morbi nec porttitor ante, ac euismod mi. Aenean nec maximus ex. Pellentesque iaculis ante quis volutpat porttitor. Integer erat erat, accumsan quis ornare id, scelerisque ac neque. Quisque molestie, erat sit amet fringilla aliquet, erat ipsum scelerisque mi, sed tempus velit ipsum non est. Ut lacinia sagittis est vel scelerisque. Duis sit amet quam elementum, efficitur metus vitae, viverra dui. Mauris in maximus lacus, eu auctor quam. Pellentesque ac lorem et eros vehicula tincidunt eget vitae quam. Integer vel tempor nisl. Pellentesque nunc dolor, scelerisque sed efficitur consectetur, semper nec erat. Aenean vitae pharetra felis, in fermentum eros.\r\n\r\nNulla at enim elementum, vulputate velit nec, elementum tortor. Donec faucibus neque et leo pretium placerat. Cras pharetra neque nisl, non consectetur elit pulvinar ut. Vestibulum ut nisl suscipit, efficitur lacus et, placerat augue. Integer ornare tempor pharetra. Aenean ac nisi consectetur, viverra dolor quis, eleifend tortor. Suspendisse tristique metus finibus ex porta pellentesque. Morbi finibus faucibus tortor at facilisis. Pellentesque hendrerit, massa id blandit interdum, nunc lorem blandit est, iaculis aliquam nunc tellus quis urna. Suspendisse mattis orci ac hendrerit faucibus. Sed a nibh augue. Sed quis eleifend leo. Suspendisse sollicitudin placerat purus, a accumsan libero. Nullam porttitor tellus nisl.\r\n\r\nAenean a velit iaculis, auctor erat nec, tincidunt leo. Vestibulum nec sagittis lorem, et tempus velit. Etiam pellentesque ex ipsum, a pharetra turpis pulvinar vitae. Quisque a libero porta arcu scelerisque tempus. In hac habitasse platea dictumst. Pellentesque varius finibus erat eget interdum. Nulla cursus quam est, vulputate interdum ligula elementum tincidunt. Curabitur tempor sodales molestie. Proin vel est neque.', 'health/health-2.jpg', '2021-10-09 16:57:58', 2, 2),
(27, 'HEALTH NEWS 3', 'Lorem ipsum dolor sit amet, consectetur adipiscing elit. Morbi sapien odio, commodo id metus et, tincidunt lobortis tortor. Duis nunc ante, cursus pretium feugiat eu, euismod sed arcu. Morbi nec porttitor ante, ac euismod mi. Aenean nec maximus ex. Pellentesque iaculis ante quis volutpat porttitor. Integer erat erat, accumsan quis ornare id, scelerisque ac neque. Quisque molestie, erat sit amet fringilla aliquet, erat ipsum scelerisque mi, sed tempus velit ipsum non est. Ut lacinia sagittis est vel scelerisque. Duis sit amet quam elementum, efficitur metus vitae, viverra dui. Mauris in maximus lacus, eu auctor quam. Pellentesque ac lorem et eros vehicula tincidunt eget vitae quam. Integer vel tempor nisl. Pellentesque nunc dolor, scelerisque sed efficitur consectetur, semper nec erat. Aenean vitae pharetra felis, in fermentum eros.\r\n\r\nNulla at enim elementum, vulputate velit nec, elementum tortor. Donec faucibus neque et leo pretium placerat. Cras pharetra neque nisl, non consectetur elit pulvinar ut. Vestibulum ut nisl suscipit, efficitur lacus et, placerat augue. Integer ornare tempor pharetra. Aenean ac nisi consectetur, viverra dolor quis, eleifend tortor. Suspendisse tristique metus finibus ex porta pellentesque. Morbi finibus faucibus tortor at facilisis. Pellentesque hendrerit, massa id blandit interdum, nunc lorem blandit est, iaculis aliquam nunc tellus quis urna. Suspendisse mattis orci ac hendrerit faucibus. Sed a nibh augue. Sed quis eleifend leo. Suspendisse sollicitudin placerat purus, a accumsan libero. Nullam porttitor tellus nisl.\r\n\r\nAenean a velit iaculis, auctor erat nec, tincidunt leo. Vestibulum nec sagittis lorem, et tempus velit. Etiam pellentesque ex ipsum, a pharetra turpis pulvinar vitae. Quisque a libero porta arcu scelerisque tempus. In hac habitasse platea dictumst. Pellentesque varius finibus erat eget interdum. Nulla cursus quam est, vulputate interdum ligula elementum tincidunt. Curabitur tempor sodales molestie. Proin vel est neque.', 'health/health-3.jpg', '2021-10-09 16:57:58', 1, 2),
(28, 'HEALTH NEWS 4', 'Lorem ipsum dolor sit amet, consectetur adipiscing elit. Morbi sapien odio, commodo id metus et, tincidunt lobortis tortor. Duis nunc ante, cursus pretium feugiat eu, euismod sed arcu. Morbi nec porttitor ante, ac euismod mi. Aenean nec maximus ex. Pellentesque iaculis ante quis volutpat porttitor. Integer erat erat, accumsan quis ornare id, scelerisque ac neque. Quisque molestie, erat sit amet fringilla aliquet, erat ipsum scelerisque mi, sed tempus velit ipsum non est. Ut lacinia sagittis est vel scelerisque. Duis sit amet quam elementum, efficitur metus vitae, viverra dui. Mauris in maximus lacus, eu auctor quam. Pellentesque ac lorem et eros vehicula tincidunt eget vitae quam. Integer vel tempor nisl. Pellentesque nunc dolor, scelerisque sed efficitur consectetur, semper nec erat. Aenean vitae pharetra felis, in fermentum eros.\r\n\r\nNulla at enim elementum, vulputate velit nec, elementum tortor. Donec faucibus neque et leo pretium placerat. Cras pharetra neque nisl, non consectetur elit pulvinar ut. Vestibulum ut nisl suscipit, efficitur lacus et, placerat augue. Integer ornare tempor pharetra. Aenean ac nisi consectetur, viverra dolor quis, eleifend tortor. Suspendisse tristique metus finibus ex porta pellentesque. Morbi finibus faucibus tortor at facilisis. Pellentesque hendrerit, massa id blandit interdum, nunc lorem blandit est, iaculis aliquam nunc tellus quis urna. Suspendisse mattis orci ac hendrerit faucibus. Sed a nibh augue. Sed quis eleifend leo. Suspendisse sollicitudin placerat purus, a accumsan libero. Nullam porttitor tellus nisl.\r\n\r\nAenean a velit iaculis, auctor erat nec, tincidunt leo. Vestibulum nec sagittis lorem, et tempus velit. Etiam pellentesque ex ipsum, a pharetra turpis pulvinar vitae. Quisque a libero porta arcu scelerisque tempus. In hac habitasse platea dictumst. Pellentesque varius finibus erat eget interdum. Nulla cursus quam est, vulputate interdum ligula elementum tincidunt. Curabitur tempor sodales molestie. Proin vel est neque.', 'health/health-4.jpg', '2021-10-09 16:57:58', 3, 2),
(29, 'HEALTH NEWS 5', 'Lorem ipsum dolor sit amet, consectetur adipiscing elit. Morbi sapien odio, commodo id metus et, tincidunt lobortis tortor. Duis nunc ante, cursus pretium feugiat eu, euismod sed arcu. Morbi nec porttitor ante, ac euismod mi. Aenean nec maximus ex. Pellentesque iaculis ante quis volutpat porttitor. Integer erat erat, accumsan quis ornare id, scelerisque ac neque. Quisque molestie, erat sit amet fringilla aliquet, erat ipsum scelerisque mi, sed tempus velit ipsum non est. Ut lacinia sagittis est vel scelerisque. Duis sit amet quam elementum, efficitur metus vitae, viverra dui. Mauris in maximus lacus, eu auctor quam. Pellentesque ac lorem et eros vehicula tincidunt eget vitae quam. Integer vel tempor nisl. Pellentesque nunc dolor, scelerisque sed efficitur consectetur, semper nec erat. Aenean vitae pharetra felis, in fermentum eros.\r\n\r\nNulla at enim elementum, vulputate velit nec, elementum tortor. Donec faucibus neque et leo pretium placerat. Cras pharetra neque nisl, non consectetur elit pulvinar ut. Vestibulum ut nisl suscipit, efficitur lacus et, placerat augue. Integer ornare tempor pharetra. Aenean ac nisi consectetur, viverra dolor quis, eleifend tortor. Suspendisse tristique metus finibus ex porta pellentesque. Morbi finibus faucibus tortor at facilisis. Pellentesque hendrerit, massa id blandit interdum, nunc lorem blandit est, iaculis aliquam nunc tellus quis urna. Suspendisse mattis orci ac hendrerit faucibus. Sed a nibh augue. Sed quis eleifend leo. Suspendisse sollicitudin placerat purus, a accumsan libero. Nullam porttitor tellus nisl.\r\n\r\nAenean a velit iaculis, auctor erat nec, tincidunt leo. Vestibulum nec sagittis lorem, et tempus velit. Etiam pellentesque ex ipsum, a pharetra turpis pulvinar vitae. Quisque a libero porta arcu scelerisque tempus. In hac habitasse platea dictumst. Pellentesque varius finibus erat eget interdum. Nulla cursus quam est, vulputate interdum ligula elementum tincidunt. Curabitur tempor sodales molestie. Proin vel est neque.', 'health/health-5.jpg', '2021-10-09 16:57:58', 1, 2),
(30, 'HEALTH NEWS 6', 'Lorem ipsum dolor sit amet, consectetur adipiscing elit. Morbi sapien odio, commodo id metus et, tincidunt lobortis tortor. Duis nunc ante, cursus pretium feugiat eu, euismod sed arcu. Morbi nec porttitor ante, ac euismod mi. Aenean nec maximus ex. Pellentesque iaculis ante quis volutpat porttitor. Integer erat erat, accumsan quis ornare id, scelerisque ac neque. Quisque molestie, erat sit amet fringilla aliquet, erat ipsum scelerisque mi, sed tempus velit ipsum non est. Ut lacinia sagittis est vel scelerisque. Duis sit amet quam elementum, efficitur metus vitae, viverra dui. Mauris in maximus lacus, eu auctor quam. Pellentesque ac lorem et eros vehicula tincidunt eget vitae quam. Integer vel tempor nisl. Pellentesque nunc dolor, scelerisque sed efficitur consectetur, semper nec erat. Aenean vitae pharetra felis, in fermentum eros.\r\n\r\nNulla at enim elementum, vulputate velit nec, elementum tortor. Donec faucibus neque et leo pretium placerat. Cras pharetra neque nisl, non consectetur elit pulvinar ut. Vestibulum ut nisl suscipit, efficitur lacus et, placerat augue. Integer ornare tempor pharetra. Aenean ac nisi consectetur, viverra dolor quis, eleifend tortor. Suspendisse tristique metus finibus ex porta pellentesque. Morbi finibus faucibus tortor at facilisis. Pellentesque hendrerit, massa id blandit interdum, nunc lorem blandit est, iaculis aliquam nunc tellus quis urna. Suspendisse mattis orci ac hendrerit faucibus. Sed a nibh augue. Sed quis eleifend leo. Suspendisse sollicitudin placerat purus, a accumsan libero. Nullam porttitor tellus nisl.\r\n\r\nAenean a velit iaculis, auctor erat nec, tincidunt leo. Vestibulum nec sagittis lorem, et tempus velit. Etiam pellentesque ex ipsum, a pharetra turpis pulvinar vitae. Quisque a libero porta arcu scelerisque tempus. In hac habitasse platea dictumst. Pellentesque varius finibus erat eget interdum. Nulla cursus quam est, vulputate interdum ligula elementum tincidunt. Curabitur tempor sodales molestie. Proin vel est neque.', 'health/health-6.jpg', '2021-10-01 16:57:58', 2, 2),
(31, 'HEALTH NEWS 7', 'Lorem ipsum dolor sit amet, consectetur adipiscing elit. Morbi sapien odio, commodo id metus et, tincidunt lobortis tortor. Duis nunc ante, cursus pretium feugiat eu, euismod sed arcu. Morbi nec porttitor ante, ac euismod mi. Aenean nec maximus ex. Pellentesque iaculis ante quis volutpat porttitor. Integer erat erat, accumsan quis ornare id, scelerisque ac neque. Quisque molestie, erat sit amet fringilla aliquet, erat ipsum scelerisque mi, sed tempus velit ipsum non est. Ut lacinia sagittis est vel scelerisque. Duis sit amet quam elementum, efficitur metus vitae, viverra dui. Mauris in maximus lacus, eu auctor quam. Pellentesque ac lorem et eros vehicula tincidunt eget vitae quam. Integer vel tempor nisl. Pellentesque nunc dolor, scelerisque sed efficitur consectetur, semper nec erat. Aenean vitae pharetra felis, in fermentum eros.\r\n\r\nNulla at enim elementum, vulputate velit nec, elementum tortor. Donec faucibus neque et leo pretium placerat. Cras pharetra neque nisl, non consectetur elit pulvinar ut. Vestibulum ut nisl suscipit, efficitur lacus et, placerat augue. Integer ornare tempor pharetra. Aenean ac nisi consectetur, viverra dolor quis, eleifend tortor. Suspendisse tristique metus finibus ex porta pellentesque. Morbi finibus faucibus tortor at facilisis. Pellentesque hendrerit, massa id blandit interdum, nunc lorem blandit est, iaculis aliquam nunc tellus quis urna. Suspendisse mattis orci ac hendrerit faucibus. Sed a nibh augue. Sed quis eleifend leo. Suspendisse sollicitudin placerat purus, a accumsan libero. Nullam porttitor tellus nisl.\r\n\r\nAenean a velit iaculis, auctor erat nec, tincidunt leo. Vestibulum nec sagittis lorem, et tempus velit. Etiam pellentesque ex ipsum, a pharetra turpis pulvinar vitae. Quisque a libero porta arcu scelerisque tempus. In hac habitasse platea dictumst. Pellentesque varius finibus erat eget interdum. Nulla cursus quam est, vulputate interdum ligula elementum tincidunt. Curabitur tempor sodales molestie. Proin vel est neque.', 'health/health-7.jpg', '2021-10-09 16:57:58', 1, 2),
(32, 'HEALTH NEWS 8', 'Lorem ipsum dolor sit amet, consectetur adipiscing elit. Morbi sapien odio, commodo id metus et, tincidunt lobortis tortor. Duis nunc ante, cursus pretium feugiat eu, euismod sed arcu. Morbi nec porttitor ante, ac euismod mi. Aenean nec maximus ex. Pellentesque iaculis ante quis volutpat porttitor. Integer erat erat, accumsan quis ornare id, scelerisque ac neque. Quisque molestie, erat sit amet fringilla aliquet, erat ipsum scelerisque mi, sed tempus velit ipsum non est. Ut lacinia sagittis est vel scelerisque. Duis sit amet quam elementum, efficitur metus vitae, viverra dui. Mauris in maximus lacus, eu auctor quam. Pellentesque ac lorem et eros vehicula tincidunt eget vitae quam. Integer vel tempor nisl. Pellentesque nunc dolor, scelerisque sed efficitur consectetur, semper nec erat. Aenean vitae pharetra felis, in fermentum eros.\r\n\r\nNulla at enim elementum, vulputate velit nec, elementum tortor. Donec faucibus neque et leo pretium placerat. Cras pharetra neque nisl, non consectetur elit pulvinar ut. Vestibulum ut nisl suscipit, efficitur lacus et, placerat augue. Integer ornare tempor pharetra. Aenean ac nisi consectetur, viverra dolor quis, eleifend tortor. Suspendisse tristique metus finibus ex porta pellentesque. Morbi finibus faucibus tortor at facilisis. Pellentesque hendrerit, massa id blandit interdum, nunc lorem blandit est, iaculis aliquam nunc tellus quis urna. Suspendisse mattis orci ac hendrerit faucibus. Sed a nibh augue. Sed quis eleifend leo. Suspendisse sollicitudin placerat purus, a accumsan libero. Nullam porttitor tellus nisl.\r\n\r\nAenean a velit iaculis, auctor erat nec, tincidunt leo. Vestibulum nec sagittis lorem, et tempus velit. Etiam pellentesque ex ipsum, a pharetra turpis pulvinar vitae. Quisque a libero porta arcu scelerisque tempus. In hac habitasse platea dictumst. Pellentesque varius finibus erat eget interdum. Nulla cursus quam est, vulputate interdum ligula elementum tincidunt. Curabitur tempor sodales molestie. Proin vel est neque.', 'health/health-8.jpg', '2021-10-09 16:57:58', 3, 2),
(33, 'TRAVEL NEWS 1', 'Lorem ipsum dolor sit amet, consectetur adipiscing elit. Morbi sapien odio, commodo id metus et, tincidunt lobortis tortor. Duis nunc ante, cursus pretium feugiat eu, euismod sed arcu. Morbi nec porttitor ante, ac euismod mi. Aenean nec maximus ex. Pellentesque iaculis ante quis volutpat porttitor. Integer erat erat, accumsan quis ornare id, scelerisque ac neque. Quisque molestie, erat sit amet fringilla aliquet, erat ipsum scelerisque mi, sed tempus velit ipsum non est. Ut lacinia sagittis est vel scelerisque. Duis sit amet quam elementum, efficitur metus vitae, viverra dui. Mauris in maximus lacus, eu auctor quam. Pellentesque ac lorem et eros vehicula tincidunt eget vitae quam. Integer vel tempor nisl. Pellentesque nunc dolor, scelerisque sed efficitur consectetur, semper nec erat. Aenean vitae pharetra felis, in fermentum eros.\r\n\r\nNulla at enim elementum, vulputate velit nec, elementum tortor. Donec faucibus neque et leo pretium placerat. Cras pharetra neque nisl, non consectetur elit pulvinar ut. Vestibulum ut nisl suscipit, efficitur lacus et, placerat augue. Integer ornare tempor pharetra. Aenean ac nisi consectetur, viverra dolor quis, eleifend tortor. Suspendisse tristique metus finibus ex porta pellentesque. Morbi finibus faucibus tortor at facilisis. Pellentesque hendrerit, massa id blandit interdum, nunc lorem blandit est, iaculis aliquam nunc tellus quis urna. Suspendisse mattis orci ac hendrerit faucibus. Sed a nibh augue. Sed quis eleifend leo. Suspendisse sollicitudin placerat purus, a accumsan libero. Nullam porttitor tellus nisl.\r\n\r\nAenean a velit iaculis, auctor erat nec, tincidunt leo. Vestibulum nec sagittis lorem, et tempus velit. Etiam pellentesque ex ipsum, a pharetra turpis pulvinar vitae. Quisque a libero porta arcu scelerisque tempus. In hac habitasse platea dictumst. Pellentesque varius finibus erat eget interdum. Nulla cursus quam est, vulputate interdum ligula elementum tincidunt. Curabitur tempor sodales molestie. Proin vel est neque.', 'travel/travel-1.jpg', '2021-10-09 16:57:58', 1, 8),
(34, 'TRAVEL NEWS 2', 'Lorem ipsum dolor sit amet, consectetur adipiscing elit. Morbi sapien odio, commodo id metus et, tincidunt lobortis tortor. Duis nunc ante, cursus pretium feugiat eu, euismod sed arcu. Morbi nec porttitor ante, ac euismod mi. Aenean nec maximus ex. Pellentesque iaculis ante quis volutpat porttitor. Integer erat erat, accumsan quis ornare id, scelerisque ac neque. Quisque molestie, erat sit amet fringilla aliquet, erat ipsum scelerisque mi, sed tempus velit ipsum non est. Ut lacinia sagittis est vel scelerisque. Duis sit amet quam elementum, efficitur metus vitae, viverra dui. Mauris in maximus lacus, eu auctor quam. Pellentesque ac lorem et eros vehicula tincidunt eget vitae quam. Integer vel tempor nisl. Pellentesque nunc dolor, scelerisque sed efficitur consectetur, semper nec erat. Aenean vitae pharetra felis, in fermentum eros.\r\n\r\nNulla at enim elementum, vulputate velit nec, elementum tortor. Donec faucibus neque et leo pretium placerat. Cras pharetra neque nisl, non consectetur elit pulvinar ut. Vestibulum ut nisl suscipit, efficitur lacus et, placerat augue. Integer ornare tempor pharetra. Aenean ac nisi consectetur, viverra dolor quis, eleifend tortor. Suspendisse tristique metus finibus ex porta pellentesque. Morbi finibus faucibus tortor at facilisis. Pellentesque hendrerit, massa id blandit interdum, nunc lorem blandit est, iaculis aliquam nunc tellus quis urna. Suspendisse mattis orci ac hendrerit faucibus. Sed a nibh augue. Sed quis eleifend leo. Suspendisse sollicitudin placerat purus, a accumsan libero. Nullam porttitor tellus nisl.\r\n\r\nAenean a velit iaculis, auctor erat nec, tincidunt leo. Vestibulum nec sagittis lorem, et tempus velit. Etiam pellentesque ex ipsum, a pharetra turpis pulvinar vitae. Quisque a libero porta arcu scelerisque tempus. In hac habitasse platea dictumst. Pellentesque varius finibus erat eget interdum. Nulla cursus quam est, vulputate interdum ligula elementum tincidunt. Curabitur tempor sodales molestie. Proin vel est neque.', 'travel/travel-2.jpg', '2021-10-09 16:57:58', 2, 8),
(35, 'TRAVEL NEWS 3', 'Lorem ipsum dolor sit amet, consectetur adipiscing elit. Morbi sapien odio, commodo id metus et, tincidunt lobortis tortor. Duis nunc ante, cursus pretium feugiat eu, euismod sed arcu. Morbi nec porttitor ante, ac euismod mi. Aenean nec maximus ex. Pellentesque iaculis ante quis volutpat porttitor. Integer erat erat, accumsan quis ornare id, scelerisque ac neque. Quisque molestie, erat sit amet fringilla aliquet, erat ipsum scelerisque mi, sed tempus velit ipsum non est. Ut lacinia sagittis est vel scelerisque. Duis sit amet quam elementum, efficitur metus vitae, viverra dui. Mauris in maximus lacus, eu auctor quam. Pellentesque ac lorem et eros vehicula tincidunt eget vitae quam. Integer vel tempor nisl. Pellentesque nunc dolor, scelerisque sed efficitur consectetur, semper nec erat. Aenean vitae pharetra felis, in fermentum eros.\r\n\r\nNulla at enim elementum, vulputate velit nec, elementum tortor. Donec faucibus neque et leo pretium placerat. Cras pharetra neque nisl, non consectetur elit pulvinar ut. Vestibulum ut nisl suscipit, efficitur lacus et, placerat augue. Integer ornare tempor pharetra. Aenean ac nisi consectetur, viverra dolor quis, eleifend tortor. Suspendisse tristique metus finibus ex porta pellentesque. Morbi finibus faucibus tortor at facilisis. Pellentesque hendrerit, massa id blandit interdum, nunc lorem blandit est, iaculis aliquam nunc tellus quis urna. Suspendisse mattis orci ac hendrerit faucibus. Sed a nibh augue. Sed quis eleifend leo. Suspendisse sollicitudin placerat purus, a accumsan libero. Nullam porttitor tellus nisl.\r\n\r\nAenean a velit iaculis, auctor erat nec, tincidunt leo. Vestibulum nec sagittis lorem, et tempus velit. Etiam pellentesque ex ipsum, a pharetra turpis pulvinar vitae. Quisque a libero porta arcu scelerisque tempus. In hac habitasse platea dictumst. Pellentesque varius finibus erat eget interdum. Nulla cursus quam est, vulputate interdum ligula elementum tincidunt. Curabitur tempor sodales molestie. Proin vel est neque.', 'travel/travel-3.jpg', '2021-10-09 16:57:58', 1, 8),
(36, 'TRAVEL NEWS 4', 'Lorem ipsum dolor sit amet, consectetur adipiscing elit. Morbi sapien odio, commodo id metus et, tincidunt lobortis tortor. Duis nunc ante, cursus pretium feugiat eu, euismod sed arcu. Morbi nec porttitor ante, ac euismod mi. Aenean nec maximus ex. Pellentesque iaculis ante quis volutpat porttitor. Integer erat erat, accumsan quis ornare id, scelerisque ac neque. Quisque molestie, erat sit amet fringilla aliquet, erat ipsum scelerisque mi, sed tempus velit ipsum non est. Ut lacinia sagittis est vel scelerisque. Duis sit amet quam elementum, efficitur metus vitae, viverra dui. Mauris in maximus lacus, eu auctor quam. Pellentesque ac lorem et eros vehicula tincidunt eget vitae quam. Integer vel tempor nisl. Pellentesque nunc dolor, scelerisque sed efficitur consectetur, semper nec erat. Aenean vitae pharetra felis, in fermentum eros.\r\n\r\nNulla at enim elementum, vulputate velit nec, elementum tortor. Donec faucibus neque et leo pretium placerat. Cras pharetra neque nisl, non consectetur elit pulvinar ut. Vestibulum ut nisl suscipit, efficitur lacus et, placerat augue. Integer ornare tempor pharetra. Aenean ac nisi consectetur, viverra dolor quis, eleifend tortor. Suspendisse tristique metus finibus ex porta pellentesque. Morbi finibus faucibus tortor at facilisis. Pellentesque hendrerit, massa id blandit interdum, nunc lorem blandit est, iaculis aliquam nunc tellus quis urna. Suspendisse mattis orci ac hendrerit faucibus. Sed a nibh augue. Sed quis eleifend leo. Suspendisse sollicitudin placerat purus, a accumsan libero. Nullam porttitor tellus nisl.\r\n\r\nAenean a velit iaculis, auctor erat nec, tincidunt leo. Vestibulum nec sagittis lorem, et tempus velit. Etiam pellentesque ex ipsum, a pharetra turpis pulvinar vitae. Quisque a libero porta arcu scelerisque tempus. In hac habitasse platea dictumst. Pellentesque varius finibus erat eget interdum. Nulla cursus quam est, vulputate interdum ligula elementum tincidunt. Curabitur tempor sodales molestie. Proin vel est neque.', 'travel/travel-4.jpg', '2021-10-09 16:57:58', 3, 8),
(37, 'TRAVEL NEWS 5', 'Lorem ipsum dolor sit amet, consectetur adipiscing elit. Morbi sapien odio, commodo id metus et, tincidunt lobortis tortor. Duis nunc ante, cursus pretium feugiat eu, euismod sed arcu. Morbi nec porttitor ante, ac euismod mi. Aenean nec maximus ex. Pellentesque iaculis ante quis volutpat porttitor. Integer erat erat, accumsan quis ornare id, scelerisque ac neque. Quisque molestie, erat sit amet fringilla aliquet, erat ipsum scelerisque mi, sed tempus velit ipsum non est. Ut lacinia sagittis est vel scelerisque. Duis sit amet quam elementum, efficitur metus vitae, viverra dui. Mauris in maximus lacus, eu auctor quam. Pellentesque ac lorem et eros vehicula tincidunt eget vitae quam. Integer vel tempor nisl. Pellentesque nunc dolor, scelerisque sed efficitur consectetur, semper nec erat. Aenean vitae pharetra felis, in fermentum eros.\r\n\r\nNulla at enim elementum, vulputate velit nec, elementum tortor. Donec faucibus neque et leo pretium placerat. Cras pharetra neque nisl, non consectetur elit pulvinar ut. Vestibulum ut nisl suscipit, efficitur lacus et, placerat augue. Integer ornare tempor pharetra. Aenean ac nisi consectetur, viverra dolor quis, eleifend tortor. Suspendisse tristique metus finibus ex porta pellentesque. Morbi finibus faucibus tortor at facilisis. Pellentesque hendrerit, massa id blandit interdum, nunc lorem blandit est, iaculis aliquam nunc tellus quis urna. Suspendisse mattis orci ac hendrerit faucibus. Sed a nibh augue. Sed quis eleifend leo. Suspendisse sollicitudin placerat purus, a accumsan libero. Nullam porttitor tellus nisl.\r\n\r\nAenean a velit iaculis, auctor erat nec, tincidunt leo. Vestibulum nec sagittis lorem, et tempus velit. Etiam pellentesque ex ipsum, a pharetra turpis pulvinar vitae. Quisque a libero porta arcu scelerisque tempus. In hac habitasse platea dictumst. Pellentesque varius finibus erat eget interdum. Nulla cursus quam est, vulputate interdum ligula elementum tincidunt. Curabitur tempor sodales molestie. Proin vel est neque.', 'travel/travel-5.jpg', '2021-10-09 16:57:58', 1, 8),
(38, 'TRAVEL NEWS 6', 'Lorem ipsum dolor sit amet, consectetur adipiscing elit. Morbi sapien odio, commodo id metus et, tincidunt lobortis tortor. Duis nunc ante, cursus pretium feugiat eu, euismod sed arcu. Morbi nec porttitor ante, ac euismod mi. Aenean nec maximus ex. Pellentesque iaculis ante quis volutpat porttitor. Integer erat erat, accumsan quis ornare id, scelerisque ac neque. Quisque molestie, erat sit amet fringilla aliquet, erat ipsum scelerisque mi, sed tempus velit ipsum non est. Ut lacinia sagittis est vel scelerisque. Duis sit amet quam elementum, efficitur metus vitae, viverra dui. Mauris in maximus lacus, eu auctor quam. Pellentesque ac lorem et eros vehicula tincidunt eget vitae quam. Integer vel tempor nisl. Pellentesque nunc dolor, scelerisque sed efficitur consectetur, semper nec erat. Aenean vitae pharetra felis, in fermentum eros.\r\n\r\nNulla at enim elementum, vulputate velit nec, elementum tortor. Donec faucibus neque et leo pretium placerat. Cras pharetra neque nisl, non consectetur elit pulvinar ut. Vestibulum ut nisl suscipit, efficitur lacus et, placerat augue. Integer ornare tempor pharetra. Aenean ac nisi consectetur, viverra dolor quis, eleifend tortor. Suspendisse tristique metus finibus ex porta pellentesque. Morbi finibus faucibus tortor at facilisis. Pellentesque hendrerit, massa id blandit interdum, nunc lorem blandit est, iaculis aliquam nunc tellus quis urna. Suspendisse mattis orci ac hendrerit faucibus. Sed a nibh augue. Sed quis eleifend leo. Suspendisse sollicitudin placerat purus, a accumsan libero. Nullam porttitor tellus nisl.\r\n\r\nAenean a velit iaculis, auctor erat nec, tincidunt leo. Vestibulum nec sagittis lorem, et tempus velit. Etiam pellentesque ex ipsum, a pharetra turpis pulvinar vitae. Quisque a libero porta arcu scelerisque tempus. In hac habitasse platea dictumst. Pellentesque varius finibus erat eget interdum. Nulla cursus quam est, vulputate interdum ligula elementum tincidunt. Curabitur tempor sodales molestie. Proin vel est neque.', 'travel/travel-6.jpg', '2021-10-09 16:57:58', 2, 8),
(39, 'TRAVEL NEWS 7', 'Lorem ipsum dolor sit amet, consectetur adipiscing elit. Morbi sapien odio, commodo id metus et, tincidunt lobortis tortor. Duis nunc ante, cursus pretium feugiat eu, euismod sed arcu. Morbi nec porttitor ante, ac euismod mi. Aenean nec maximus ex. Pellentesque iaculis ante quis volutpat porttitor. Integer erat erat, accumsan quis ornare id, scelerisque ac neque. Quisque molestie, erat sit amet fringilla aliquet, erat ipsum scelerisque mi, sed tempus velit ipsum non est. Ut lacinia sagittis est vel scelerisque. Duis sit amet quam elementum, efficitur metus vitae, viverra dui. Mauris in maximus lacus, eu auctor quam. Pellentesque ac lorem et eros vehicula tincidunt eget vitae quam. Integer vel tempor nisl. Pellentesque nunc dolor, scelerisque sed efficitur consectetur, semper nec erat. Aenean vitae pharetra felis, in fermentum eros.\r\n\r\nNulla at enim elementum, vulputate velit nec, elementum tortor. Donec faucibus neque et leo pretium placerat. Cras pharetra neque nisl, non consectetur elit pulvinar ut. Vestibulum ut nisl suscipit, efficitur lacus et, placerat augue. Integer ornare tempor pharetra. Aenean ac nisi consectetur, viverra dolor quis, eleifend tortor. Suspendisse tristique metus finibus ex porta pellentesque. Morbi finibus faucibus tortor at facilisis. Pellentesque hendrerit, massa id blandit interdum, nunc lorem blandit est, iaculis aliquam nunc tellus quis urna. Suspendisse mattis orci ac hendrerit faucibus. Sed a nibh augue. Sed quis eleifend leo. Suspendisse sollicitudin placerat purus, a accumsan libero. Nullam porttitor tellus nisl.\r\n\r\nAenean a velit iaculis, auctor erat nec, tincidunt leo. Vestibulum nec sagittis lorem, et tempus velit. Etiam pellentesque ex ipsum, a pharetra turpis pulvinar vitae. Quisque a libero porta arcu scelerisque tempus. In hac habitasse platea dictumst. Pellentesque varius finibus erat eget interdum. Nulla cursus quam est, vulputate interdum ligula elementum tincidunt. Curabitur tempor sodales molestie. Proin vel est neque.', 'travel/travel-7.jpg', '2021-10-03 16:57:58', 1, 8),
(40, 'TRAVEL NEWS 8', 'Lorem ipsum dolor sit amet, consectetur adipiscing elit. Morbi sapien odio, commodo id metus et, tincidunt lobortis tortor. Duis nunc ante, cursus pretium feugiat eu, euismod sed arcu. Morbi nec porttitor ante, ac euismod mi. Aenean nec maximus ex. Pellentesque iaculis ante quis volutpat porttitor. Integer erat erat, accumsan quis ornare id, scelerisque ac neque. Quisque molestie, erat sit amet fringilla aliquet, erat ipsum scelerisque mi, sed tempus velit ipsum non est. Ut lacinia sagittis est vel scelerisque. Duis sit amet quam elementum, efficitur metus vitae, viverra dui. Mauris in maximus lacus, eu auctor quam. Pellentesque ac lorem et eros vehicula tincidunt eget vitae quam. Integer vel tempor nisl. Pellentesque nunc dolor, scelerisque sed efficitur consectetur, semper nec erat. Aenean vitae pharetra felis, in fermentum eros.\r\n\r\nNulla at enim elementum, vulputate velit nec, elementum tortor. Donec faucibus neque et leo pretium placerat. Cras pharetra neque nisl, non consectetur elit pulvinar ut. Vestibulum ut nisl suscipit, efficitur lacus et, placerat augue. Integer ornare tempor pharetra. Aenean ac nisi consectetur, viverra dolor quis, eleifend tortor. Suspendisse tristique metus finibus ex porta pellentesque. Morbi finibus faucibus tortor at facilisis. Pellentesque hendrerit, massa id blandit interdum, nunc lorem blandit est, iaculis aliquam nunc tellus quis urna. Suspendisse mattis orci ac hendrerit faucibus. Sed a nibh augue. Sed quis eleifend leo. Suspendisse sollicitudin placerat purus, a accumsan libero. Nullam porttitor tellus nisl.\r\n\r\nAenean a velit iaculis, auctor erat nec, tincidunt leo. Vestibulum nec sagittis lorem, et tempus velit. Etiam pellentesque ex ipsum, a pharetra turpis pulvinar vitae. Quisque a libero porta arcu scelerisque tempus. In hac habitasse platea dictumst. Pellentesque varius finibus erat eget interdum. Nulla cursus quam est, vulputate interdum ligula elementum tincidunt. Curabitur tempor sodales molestie. Proin vel est neque.', 'travel/travel-8.jpg', '2021-10-09 16:57:58', 3, 8),
(41, 'POLITICS NEWS 1', 'Lorem ipsum dolor sit amet, consectetur adipiscing elit. Morbi sapien odio, commodo id metus et, tincidunt lobortis tortor. Duis nunc ante, cursus pretium feugiat eu, euismod sed arcu. Morbi nec porttitor ante, ac euismod mi. Aenean nec maximus ex. Pellentesque iaculis ante quis volutpat porttitor. Integer erat erat, accumsan quis ornare id, scelerisque ac neque. Quisque molestie, erat sit amet fringilla aliquet, erat ipsum scelerisque mi, sed tempus velit ipsum non est. Ut lacinia sagittis est vel scelerisque. Duis sit amet quam elementum, efficitur metus vitae, viverra dui. Mauris in maximus lacus, eu auctor quam. Pellentesque ac lorem et eros vehicula tincidunt eget vitae quam. Integer vel tempor nisl. Pellentesque nunc dolor, scelerisque sed efficitur consectetur, semper nec erat. Aenean vitae pharetra felis, in fermentum eros.\r\n\r\nNulla at enim elementum, vulputate velit nec, elementum tortor. Donec faucibus neque et leo pretium placerat. Cras pharetra neque nisl, non consectetur elit pulvinar ut. Vestibulum ut nisl suscipit, efficitur lacus et, placerat augue. Integer ornare tempor pharetra. Aenean ac nisi consectetur, viverra dolor quis, eleifend tortor. Suspendisse tristique metus finibus ex porta pellentesque. Morbi finibus faucibus tortor at facilisis. Pellentesque hendrerit, massa id blandit interdum, nunc lorem blandit est, iaculis aliquam nunc tellus quis urna. Suspendisse mattis orci ac hendrerit faucibus. Sed a nibh augue. Sed quis eleifend leo. Suspendisse sollicitudin placerat purus, a accumsan libero. Nullam porttitor tellus nisl.\r\n\r\nAenean a velit iaculis, auctor erat nec, tincidunt leo. Vestibulum nec sagittis lorem, et tempus velit. Etiam pellentesque ex ipsum, a pharetra turpis pulvinar vitae. Quisque a libero porta arcu scelerisque tempus. In hac habitasse platea dictumst. Pellentesque varius finibus erat eget interdum. Nulla cursus quam est, vulputate interdum ligula elementum tincidunt. Curabitur tempor sodales molestie. Proin vel est neque.', 'politics/politics-1.jpg', '2021-10-09 16:57:58', 1, 3),
(42, 'POLITICS NEWS 2', 'Lorem ipsum dolor sit amet, consectetur adipiscing elit. Morbi sapien odio, commodo id metus et, tincidunt lobortis tortor. Duis nunc ante, cursus pretium feugiat eu, euismod sed arcu. Morbi nec porttitor ante, ac euismod mi. Aenean nec maximus ex. Pellentesque iaculis ante quis volutpat porttitor. Integer erat erat, accumsan quis ornare id, scelerisque ac neque. Quisque molestie, erat sit amet fringilla aliquet, erat ipsum scelerisque mi, sed tempus velit ipsum non est. Ut lacinia sagittis est vel scelerisque. Duis sit amet quam elementum, efficitur metus vitae, viverra dui. Mauris in maximus lacus, eu auctor quam. Pellentesque ac lorem et eros vehicula tincidunt eget vitae quam. Integer vel tempor nisl. Pellentesque nunc dolor, scelerisque sed efficitur consectetur, semper nec erat. Aenean vitae pharetra felis, in fermentum eros.\r\n\r\nNulla at enim elementum, vulputate velit nec, elementum tortor. Donec faucibus neque et leo pretium placerat. Cras pharetra neque nisl, non consectetur elit pulvinar ut. Vestibulum ut nisl suscipit, efficitur lacus et, placerat augue. Integer ornare tempor pharetra. Aenean ac nisi consectetur, viverra dolor quis, eleifend tortor. Suspendisse tristique metus finibus ex porta pellentesque. Morbi finibus faucibus tortor at facilisis. Pellentesque hendrerit, massa id blandit interdum, nunc lorem blandit est, iaculis aliquam nunc tellus quis urna. Suspendisse mattis orci ac hendrerit faucibus. Sed a nibh augue. Sed quis eleifend leo. Suspendisse sollicitudin placerat purus, a accumsan libero. Nullam porttitor tellus nisl.\r\n\r\nAenean a velit iaculis, auctor erat nec, tincidunt leo. Vestibulum nec sagittis lorem, et tempus velit. Etiam pellentesque ex ipsum, a pharetra turpis pulvinar vitae. Quisque a libero porta arcu scelerisque tempus. In hac habitasse platea dictumst. Pellentesque varius finibus erat eget interdum. Nulla cursus quam est, vulputate interdum ligula elementum tincidunt. Curabitur tempor sodales molestie. Proin vel est neque.', 'politics/politics-2.jpg', '2021-10-09 16:57:58', 2, 3),
(43, 'POLITICS NEWS 3', 'Lorem ipsum dolor sit amet, consectetur adipiscing elit. Morbi sapien odio, commodo id metus et, tincidunt lobortis tortor. Duis nunc ante, cursus pretium feugiat eu, euismod sed arcu. Morbi nec porttitor ante, ac euismod mi. Aenean nec maximus ex. Pellentesque iaculis ante quis volutpat porttitor. Integer erat erat, accumsan quis ornare id, scelerisque ac neque. Quisque molestie, erat sit amet fringilla aliquet, erat ipsum scelerisque mi, sed tempus velit ipsum non est. Ut lacinia sagittis est vel scelerisque. Duis sit amet quam elementum, efficitur metus vitae, viverra dui. Mauris in maximus lacus, eu auctor quam. Pellentesque ac lorem et eros vehicula tincidunt eget vitae quam. Integer vel tempor nisl. Pellentesque nunc dolor, scelerisque sed efficitur consectetur, semper nec erat. Aenean vitae pharetra felis, in fermentum eros.\r\n\r\nNulla at enim elementum, vulputate velit nec, elementum tortor. Donec faucibus neque et leo pretium placerat. Cras pharetra neque nisl, non consectetur elit pulvinar ut. Vestibulum ut nisl suscipit, efficitur lacus et, placerat augue. Integer ornare tempor pharetra. Aenean ac nisi consectetur, viverra dolor quis, eleifend tortor. Suspendisse tristique metus finibus ex porta pellentesque. Morbi finibus faucibus tortor at facilisis. Pellentesque hendrerit, massa id blandit interdum, nunc lorem blandit est, iaculis aliquam nunc tellus quis urna. Suspendisse mattis orci ac hendrerit faucibus. Sed a nibh augue. Sed quis eleifend leo. Suspendisse sollicitudin placerat purus, a accumsan libero. Nullam porttitor tellus nisl.\r\n\r\nAenean a velit iaculis, auctor erat nec, tincidunt leo. Vestibulum nec sagittis lorem, et tempus velit. Etiam pellentesque ex ipsum, a pharetra turpis pulvinar vitae. Quisque a libero porta arcu scelerisque tempus. In hac habitasse platea dictumst. Pellentesque varius finibus erat eget interdum. Nulla cursus quam est, vulputate interdum ligula elementum tincidunt. Curabitur tempor sodales molestie. Proin vel est neque.', 'politics/politics-3.jpg', '2021-10-09 16:57:58', 1, 3),
(44, 'POLITICS NEWS 4', 'Lorem ipsum dolor sit amet, consectetur adipiscing elit. Morbi sapien odio, commodo id metus et, tincidunt lobortis tortor. Duis nunc ante, cursus pretium feugiat eu, euismod sed arcu. Morbi nec porttitor ante, ac euismod mi. Aenean nec maximus ex. Pellentesque iaculis ante quis volutpat porttitor. Integer erat erat, accumsan quis ornare id, scelerisque ac neque. Quisque molestie, erat sit amet fringilla aliquet, erat ipsum scelerisque mi, sed tempus velit ipsum non est. Ut lacinia sagittis est vel scelerisque. Duis sit amet quam elementum, efficitur metus vitae, viverra dui. Mauris in maximus lacus, eu auctor quam. Pellentesque ac lorem et eros vehicula tincidunt eget vitae quam. Integer vel tempor nisl. Pellentesque nunc dolor, scelerisque sed efficitur consectetur, semper nec erat. Aenean vitae pharetra felis, in fermentum eros.\r\n\r\nNulla at enim elementum, vulputate velit nec, elementum tortor. Donec faucibus neque et leo pretium placerat. Cras pharetra neque nisl, non consectetur elit pulvinar ut. Vestibulum ut nisl suscipit, efficitur lacus et, placerat augue. Integer ornare tempor pharetra. Aenean ac nisi consectetur, viverra dolor quis, eleifend tortor. Suspendisse tristique metus finibus ex porta pellentesque. Morbi finibus faucibus tortor at facilisis. Pellentesque hendrerit, massa id blandit interdum, nunc lorem blandit est, iaculis aliquam nunc tellus quis urna. Suspendisse mattis orci ac hendrerit faucibus. Sed a nibh augue. Sed quis eleifend leo. Suspendisse sollicitudin placerat purus, a accumsan libero. Nullam porttitor tellus nisl.\r\n\r\nAenean a velit iaculis, auctor erat nec, tincidunt leo. Vestibulum nec sagittis lorem, et tempus velit. Etiam pellentesque ex ipsum, a pharetra turpis pulvinar vitae. Quisque a libero porta arcu scelerisque tempus. In hac habitasse platea dictumst. Pellentesque varius finibus erat eget interdum. Nulla cursus quam est, vulputate interdum ligula elementum tincidunt. Curabitur tempor sodales molestie. Proin vel est neque.', 'politics/politics-4.jpg', '2021-10-05 16:57:58', 3, 3),
(45, 'POLITICS NEWS 5', 'Lorem ipsum dolor sit amet, consectetur adipiscing elit. Morbi sapien odio, commodo id metus et, tincidunt lobortis tortor. Duis nunc ante, cursus pretium feugiat eu, euismod sed arcu. Morbi nec porttitor ante, ac euismod mi. Aenean nec maximus ex. Pellentesque iaculis ante quis volutpat porttitor. Integer erat erat, accumsan quis ornare id, scelerisque ac neque. Quisque molestie, erat sit amet fringilla aliquet, erat ipsum scelerisque mi, sed tempus velit ipsum non est. Ut lacinia sagittis est vel scelerisque. Duis sit amet quam elementum, efficitur metus vitae, viverra dui. Mauris in maximus lacus, eu auctor quam. Pellentesque ac lorem et eros vehicula tincidunt eget vitae quam. Integer vel tempor nisl. Pellentesque nunc dolor, scelerisque sed efficitur consectetur, semper nec erat. Aenean vitae pharetra felis, in fermentum eros.\r\n\r\nNulla at enim elementum, vulputate velit nec, elementum tortor. Donec faucibus neque et leo pretium placerat. Cras pharetra neque nisl, non consectetur elit pulvinar ut. Vestibulum ut nisl suscipit, efficitur lacus et, placerat augue. Integer ornare tempor pharetra. Aenean ac nisi consectetur, viverra dolor quis, eleifend tortor. Suspendisse tristique metus finibus ex porta pellentesque. Morbi finibus faucibus tortor at facilisis. Pellentesque hendrerit, massa id blandit interdum, nunc lorem blandit est, iaculis aliquam nunc tellus quis urna. Suspendisse mattis orci ac hendrerit faucibus. Sed a nibh augue. Sed quis eleifend leo. Suspendisse sollicitudin placerat purus, a accumsan libero. Nullam porttitor tellus nisl.\r\n\r\nAenean a velit iaculis, auctor erat nec, tincidunt leo. Vestibulum nec sagittis lorem, et tempus velit. Etiam pellentesque ex ipsum, a pharetra turpis pulvinar vitae. Quisque a libero porta arcu scelerisque tempus. In hac habitasse platea dictumst. Pellentesque varius finibus erat eget interdum. Nulla cursus quam est, vulputate interdum ligula elementum tincidunt. Curabitur tempor sodales molestie. Proin vel est neque.', 'politics/politics-5.jpg', '2021-10-09 16:57:58', 1, 3),
(46, 'POLITICS NEWS 6', 'Lorem ipsum dolor sit amet, consectetur adipiscing elit. Morbi sapien odio, commodo id metus et, tincidunt lobortis tortor. Duis nunc ante, cursus pretium feugiat eu, euismod sed arcu. Morbi nec porttitor ante, ac euismod mi. Aenean nec maximus ex. Pellentesque iaculis ante quis volutpat porttitor. Integer erat erat, accumsan quis ornare id, scelerisque ac neque. Quisque molestie, erat sit amet fringilla aliquet, erat ipsum scelerisque mi, sed tempus velit ipsum non est. Ut lacinia sagittis est vel scelerisque. Duis sit amet quam elementum, efficitur metus vitae, viverra dui. Mauris in maximus lacus, eu auctor quam. Pellentesque ac lorem et eros vehicula tincidunt eget vitae quam. Integer vel tempor nisl. Pellentesque nunc dolor, scelerisque sed efficitur consectetur, semper nec erat. Aenean vitae pharetra felis, in fermentum eros.\r\n\r\nNulla at enim elementum, vulputate velit nec, elementum tortor. Donec faucibus neque et leo pretium placerat. Cras pharetra neque nisl, non consectetur elit pulvinar ut. Vestibulum ut nisl suscipit, efficitur lacus et, placerat augue. Integer ornare tempor pharetra. Aenean ac nisi consectetur, viverra dolor quis, eleifend tortor. Suspendisse tristique metus finibus ex porta pellentesque. Morbi finibus faucibus tortor at facilisis. Pellentesque hendrerit, massa id blandit interdum, nunc lorem blandit est, iaculis aliquam nunc tellus quis urna. Suspendisse mattis orci ac hendrerit faucibus. Sed a nibh augue. Sed quis eleifend leo. Suspendisse sollicitudin placerat purus, a accumsan libero. Nullam porttitor tellus nisl.\r\n\r\nAenean a velit iaculis, auctor erat nec, tincidunt leo. Vestibulum nec sagittis lorem, et tempus velit. Etiam pellentesque ex ipsum, a pharetra turpis pulvinar vitae. Quisque a libero porta arcu scelerisque tempus. In hac habitasse platea dictumst. Pellentesque varius finibus erat eget interdum. Nulla cursus quam est, vulputate interdum ligula elementum tincidunt. Curabitur tempor sodales molestie. Proin vel est neque.', 'politics/politics-6.jpg', '2021-10-09 16:57:58', 2, 3);
INSERT INTO `news` (`news_id`, `news_title`, `news_content`, `news_photo`, `news_date`, `users_id`, `category_id`) VALUES
(47, 'POLITICS NEWS 7', 'Lorem ipsum dolor sit amet, consectetur adipiscing elit. Morbi sapien odio, commodo id metus et, tincidunt lobortis tortor. Duis nunc ante, cursus pretium feugiat eu, euismod sed arcu. Morbi nec porttitor ante, ac euismod mi. Aenean nec maximus ex. Pellentesque iaculis ante quis volutpat porttitor. Integer erat erat, accumsan quis ornare id, scelerisque ac neque. Quisque molestie, erat sit amet fringilla aliquet, erat ipsum scelerisque mi, sed tempus velit ipsum non est. Ut lacinia sagittis est vel scelerisque. Duis sit amet quam elementum, efficitur metus vitae, viverra dui. Mauris in maximus lacus, eu auctor quam. Pellentesque ac lorem et eros vehicula tincidunt eget vitae quam. Integer vel tempor nisl. Pellentesque nunc dolor, scelerisque sed efficitur consectetur, semper nec erat. Aenean vitae pharetra felis, in fermentum eros.\r\n\r\nNulla at enim elementum, vulputate velit nec, elementum tortor. Donec faucibus neque et leo pretium placerat. Cras pharetra neque nisl, non consectetur elit pulvinar ut. Vestibulum ut nisl suscipit, efficitur lacus et, placerat augue. Integer ornare tempor pharetra. Aenean ac nisi consectetur, viverra dolor quis, eleifend tortor. Suspendisse tristique metus finibus ex porta pellentesque. Morbi finibus faucibus tortor at facilisis. Pellentesque hendrerit, massa id blandit interdum, nunc lorem blandit est, iaculis aliquam nunc tellus quis urna. Suspendisse mattis orci ac hendrerit faucibus. Sed a nibh augue. Sed quis eleifend leo. Suspendisse sollicitudin placerat purus, a accumsan libero. Nullam porttitor tellus nisl.\r\n\r\nAenean a velit iaculis, auctor erat nec, tincidunt leo. Vestibulum nec sagittis lorem, et tempus velit. Etiam pellentesque ex ipsum, a pharetra turpis pulvinar vitae. Quisque a libero porta arcu scelerisque tempus. In hac habitasse platea dictumst. Pellentesque varius finibus erat eget interdum. Nulla cursus quam est, vulputate interdum ligula elementum tincidunt. Curabitur tempor sodales molestie. Proin vel est neque.', 'politics/politics-7.jpg', '2021-10-09 16:57:58', 1, 3),
(48, 'POLITICS NEWS 8', 'Lorem ipsum dolor sit amet, consectetur adipiscing elit. Morbi sapien odio, commodo id metus et, tincidunt lobortis tortor. Duis nunc ante, cursus pretium feugiat eu, euismod sed arcu. Morbi nec porttitor ante, ac euismod mi. Aenean nec maximus ex. Pellentesque iaculis ante quis volutpat porttitor. Integer erat erat, accumsan quis ornare id, scelerisque ac neque. Quisque molestie, erat sit amet fringilla aliquet, erat ipsum scelerisque mi, sed tempus velit ipsum non est. Ut lacinia sagittis est vel scelerisque. Duis sit amet quam elementum, efficitur metus vitae, viverra dui. Mauris in maximus lacus, eu auctor quam. Pellentesque ac lorem et eros vehicula tincidunt eget vitae quam. Integer vel tempor nisl. Pellentesque nunc dolor, scelerisque sed efficitur consectetur, semper nec erat. Aenean vitae pharetra felis, in fermentum eros.\r\n\r\nNulla at enim elementum, vulputate velit nec, elementum tortor. Donec faucibus neque et leo pretium placerat. Cras pharetra neque nisl, non consectetur elit pulvinar ut. Vestibulum ut nisl suscipit, efficitur lacus et, placerat augue. Integer ornare tempor pharetra. Aenean ac nisi consectetur, viverra dolor quis, eleifend tortor. Suspendisse tristique metus finibus ex porta pellentesque. Morbi finibus faucibus tortor at facilisis. Pellentesque hendrerit, massa id blandit interdum, nunc lorem blandit est, iaculis aliquam nunc tellus quis urna. Suspendisse mattis orci ac hendrerit faucibus. Sed a nibh augue. Sed quis eleifend leo. Suspendisse sollicitudin placerat purus, a accumsan libero. Nullam porttitor tellus nisl.\r\n\r\nAenean a velit iaculis, auctor erat nec, tincidunt leo. Vestibulum nec sagittis lorem, et tempus velit. Etiam pellentesque ex ipsum, a pharetra turpis pulvinar vitae. Quisque a libero porta arcu scelerisque tempus. In hac habitasse platea dictumst. Pellentesque varius finibus erat eget interdum. Nulla cursus quam est, vulputate interdum ligula elementum tincidunt. Curabitur tempor sodales molestie. Proin vel est neque.', 'politics/politics-8.jpg', '2021-10-09 16:57:58', 3, 3),
(49, 'BUSINESS NEWS 1', 'Lorem ipsum dolor sit amet, consectetur adipiscing elit. Morbi sapien odio, commodo id metus et, tincidunt lobortis tortor. Duis nunc ante, cursus pretium feugiat eu, euismod sed arcu. Morbi nec porttitor ante, ac euismod mi. Aenean nec maximus ex. Pellentesque iaculis ante quis volutpat porttitor. Integer erat erat, accumsan quis ornare id, scelerisque ac neque. Quisque molestie, erat sit amet fringilla aliquet, erat ipsum scelerisque mi, sed tempus velit ipsum non est. Ut lacinia sagittis est vel scelerisque. Duis sit amet quam elementum, efficitur metus vitae, viverra dui. Mauris in maximus lacus, eu auctor quam. Pellentesque ac lorem et eros vehicula tincidunt eget vitae quam. Integer vel tempor nisl. Pellentesque nunc dolor, scelerisque sed efficitur consectetur, semper nec erat. Aenean vitae pharetra felis, in fermentum eros.\r\n\r\nNulla at enim elementum, vulputate velit nec, elementum tortor. Donec faucibus neque et leo pretium placerat. Cras pharetra neque nisl, non consectetur elit pulvinar ut. Vestibulum ut nisl suscipit, efficitur lacus et, placerat augue. Integer ornare tempor pharetra. Aenean ac nisi consectetur, viverra dolor quis, eleifend tortor. Suspendisse tristique metus finibus ex porta pellentesque. Morbi finibus faucibus tortor at facilisis. Pellentesque hendrerit, massa id blandit interdum, nunc lorem blandit est, iaculis aliquam nunc tellus quis urna. Suspendisse mattis orci ac hendrerit faucibus. Sed a nibh augue. Sed quis eleifend leo. Suspendisse sollicitudin placerat purus, a accumsan libero. Nullam porttitor tellus nisl.\r\n\r\nAenean a velit iaculis, auctor erat nec, tincidunt leo. Vestibulum nec sagittis lorem, et tempus velit. Etiam pellentesque ex ipsum, a pharetra turpis pulvinar vitae. Quisque a libero porta arcu scelerisque tempus. In hac habitasse platea dictumst. Pellentesque varius finibus erat eget interdum. Nulla cursus quam est, vulputate interdum ligula elementum tincidunt. Curabitur tempor sodales molestie. Proin vel est neque.', 'business/business-1.jpg', '2021-10-09 16:57:58', 1, 4),
(50, 'BUSINESS NEWS 2', 'Lorem ipsum dolor sit amet, consectetur adipiscing elit. Morbi sapien odio, commodo id metus et, tincidunt lobortis tortor. Duis nunc ante, cursus pretium feugiat eu, euismod sed arcu. Morbi nec porttitor ante, ac euismod mi. Aenean nec maximus ex. Pellentesque iaculis ante quis volutpat porttitor. Integer erat erat, accumsan quis ornare id, scelerisque ac neque. Quisque molestie, erat sit amet fringilla aliquet, erat ipsum scelerisque mi, sed tempus velit ipsum non est. Ut lacinia sagittis est vel scelerisque. Duis sit amet quam elementum, efficitur metus vitae, viverra dui. Mauris in maximus lacus, eu auctor quam. Pellentesque ac lorem et eros vehicula tincidunt eget vitae quam. Integer vel tempor nisl. Pellentesque nunc dolor, scelerisque sed efficitur consectetur, semper nec erat. Aenean vitae pharetra felis, in fermentum eros.\r\n\r\nNulla at enim elementum, vulputate velit nec, elementum tortor. Donec faucibus neque et leo pretium placerat. Cras pharetra neque nisl, non consectetur elit pulvinar ut. Vestibulum ut nisl suscipit, efficitur lacus et, placerat augue. Integer ornare tempor pharetra. Aenean ac nisi consectetur, viverra dolor quis, eleifend tortor. Suspendisse tristique metus finibus ex porta pellentesque. Morbi finibus faucibus tortor at facilisis. Pellentesque hendrerit, massa id blandit interdum, nunc lorem blandit est, iaculis aliquam nunc tellus quis urna. Suspendisse mattis orci ac hendrerit faucibus. Sed a nibh augue. Sed quis eleifend leo. Suspendisse sollicitudin placerat purus, a accumsan libero. Nullam porttitor tellus nisl.\r\n\r\nAenean a velit iaculis, auctor erat nec, tincidunt leo. Vestibulum nec sagittis lorem, et tempus velit. Etiam pellentesque ex ipsum, a pharetra turpis pulvinar vitae. Quisque a libero porta arcu scelerisque tempus. In hac habitasse platea dictumst. Pellentesque varius finibus erat eget interdum. Nulla cursus quam est, vulputate interdum ligula elementum tincidunt. Curabitur tempor sodales molestie. Proin vel est neque.', 'business/business-2.jpg', '2021-10-09 16:57:58', 2, 4),
(51, 'BUSINESS NEWS 3', 'Lorem ipsum dolor sit amet, consectetur adipiscing elit. Morbi sapien odio, commodo id metus et, tincidunt lobortis tortor. Duis nunc ante, cursus pretium feugiat eu, euismod sed arcu. Morbi nec porttitor ante, ac euismod mi. Aenean nec maximus ex. Pellentesque iaculis ante quis volutpat porttitor. Integer erat erat, accumsan quis ornare id, scelerisque ac neque. Quisque molestie, erat sit amet fringilla aliquet, erat ipsum scelerisque mi, sed tempus velit ipsum non est. Ut lacinia sagittis est vel scelerisque. Duis sit amet quam elementum, efficitur metus vitae, viverra dui. Mauris in maximus lacus, eu auctor quam. Pellentesque ac lorem et eros vehicula tincidunt eget vitae quam. Integer vel tempor nisl. Pellentesque nunc dolor, scelerisque sed efficitur consectetur, semper nec erat. Aenean vitae pharetra felis, in fermentum eros.\r\n\r\nNulla at enim elementum, vulputate velit nec, elementum tortor. Donec faucibus neque et leo pretium placerat. Cras pharetra neque nisl, non consectetur elit pulvinar ut. Vestibulum ut nisl suscipit, efficitur lacus et, placerat augue. Integer ornare tempor pharetra. Aenean ac nisi consectetur, viverra dolor quis, eleifend tortor. Suspendisse tristique metus finibus ex porta pellentesque. Morbi finibus faucibus tortor at facilisis. Pellentesque hendrerit, massa id blandit interdum, nunc lorem blandit est, iaculis aliquam nunc tellus quis urna. Suspendisse mattis orci ac hendrerit faucibus. Sed a nibh augue. Sed quis eleifend leo. Suspendisse sollicitudin placerat purus, a accumsan libero. Nullam porttitor tellus nisl.\r\n\r\nAenean a velit iaculis, auctor erat nec, tincidunt leo. Vestibulum nec sagittis lorem, et tempus velit. Etiam pellentesque ex ipsum, a pharetra turpis pulvinar vitae. Quisque a libero porta arcu scelerisque tempus. In hac habitasse platea dictumst. Pellentesque varius finibus erat eget interdum. Nulla cursus quam est, vulputate interdum ligula elementum tincidunt. Curabitur tempor sodales molestie. Proin vel est neque.', 'business/business-3.jpg', '2021-10-09 16:57:58', 1, 4),
(52, 'BUSINESS NEWS 4', 'Lorem ipsum dolor sit amet, consectetur adipiscing elit. Morbi sapien odio, commodo id metus et, tincidunt lobortis tortor. Duis nunc ante, cursus pretium feugiat eu, euismod sed arcu. Morbi nec porttitor ante, ac euismod mi. Aenean nec maximus ex. Pellentesque iaculis ante quis volutpat porttitor. Integer erat erat, accumsan quis ornare id, scelerisque ac neque. Quisque molestie, erat sit amet fringilla aliquet, erat ipsum scelerisque mi, sed tempus velit ipsum non est. Ut lacinia sagittis est vel scelerisque. Duis sit amet quam elementum, efficitur metus vitae, viverra dui. Mauris in maximus lacus, eu auctor quam. Pellentesque ac lorem et eros vehicula tincidunt eget vitae quam. Integer vel tempor nisl. Pellentesque nunc dolor, scelerisque sed efficitur consectetur, semper nec erat. Aenean vitae pharetra felis, in fermentum eros.\r\n\r\nNulla at enim elementum, vulputate velit nec, elementum tortor. Donec faucibus neque et leo pretium placerat. Cras pharetra neque nisl, non consectetur elit pulvinar ut. Vestibulum ut nisl suscipit, efficitur lacus et, placerat augue. Integer ornare tempor pharetra. Aenean ac nisi consectetur, viverra dolor quis, eleifend tortor. Suspendisse tristique metus finibus ex porta pellentesque. Morbi finibus faucibus tortor at facilisis. Pellentesque hendrerit, massa id blandit interdum, nunc lorem blandit est, iaculis aliquam nunc tellus quis urna. Suspendisse mattis orci ac hendrerit faucibus. Sed a nibh augue. Sed quis eleifend leo. Suspendisse sollicitudin placerat purus, a accumsan libero. Nullam porttitor tellus nisl.\r\n\r\nAenean a velit iaculis, auctor erat nec, tincidunt leo. Vestibulum nec sagittis lorem, et tempus velit. Etiam pellentesque ex ipsum, a pharetra turpis pulvinar vitae. Quisque a libero porta arcu scelerisque tempus. In hac habitasse platea dictumst. Pellentesque varius finibus erat eget interdum. Nulla cursus quam est, vulputate interdum ligula elementum tincidunt. Curabitur tempor sodales molestie. Proin vel est neque.', 'business/business-4.jpg', '2021-10-06 16:57:58', 3, 4),
(53, 'BUSINESS NEWS 5', 'Lorem ipsum dolor sit amet, consectetur adipiscing elit. Morbi sapien odio, commodo id metus et, tincidunt lobortis tortor. Duis nunc ante, cursus pretium feugiat eu, euismod sed arcu. Morbi nec porttitor ante, ac euismod mi. Aenean nec maximus ex. Pellentesque iaculis ante quis volutpat porttitor. Integer erat erat, accumsan quis ornare id, scelerisque ac neque. Quisque molestie, erat sit amet fringilla aliquet, erat ipsum scelerisque mi, sed tempus velit ipsum non est. Ut lacinia sagittis est vel scelerisque. Duis sit amet quam elementum, efficitur metus vitae, viverra dui. Mauris in maximus lacus, eu auctor quam. Pellentesque ac lorem et eros vehicula tincidunt eget vitae quam. Integer vel tempor nisl. Pellentesque nunc dolor, scelerisque sed efficitur consectetur, semper nec erat. Aenean vitae pharetra felis, in fermentum eros.\r\n\r\nNulla at enim elementum, vulputate velit nec, elementum tortor. Donec faucibus neque et leo pretium placerat. Cras pharetra neque nisl, non consectetur elit pulvinar ut. Vestibulum ut nisl suscipit, efficitur lacus et, placerat augue. Integer ornare tempor pharetra. Aenean ac nisi consectetur, viverra dolor quis, eleifend tortor. Suspendisse tristique metus finibus ex porta pellentesque. Morbi finibus faucibus tortor at facilisis. Pellentesque hendrerit, massa id blandit interdum, nunc lorem blandit est, iaculis aliquam nunc tellus quis urna. Suspendisse mattis orci ac hendrerit faucibus. Sed a nibh augue. Sed quis eleifend leo. Suspendisse sollicitudin placerat purus, a accumsan libero. Nullam porttitor tellus nisl.\r\n\r\nAenean a velit iaculis, auctor erat nec, tincidunt leo. Vestibulum nec sagittis lorem, et tempus velit. Etiam pellentesque ex ipsum, a pharetra turpis pulvinar vitae. Quisque a libero porta arcu scelerisque tempus. In hac habitasse platea dictumst. Pellentesque varius finibus erat eget interdum. Nulla cursus quam est, vulputate interdum ligula elementum tincidunt. Curabitur tempor sodales molestie. Proin vel est neque.', 'business/business-5.jpg', '2021-10-09 16:57:58', 1, 4),
(54, 'BUSINESS NEWS 6', 'Lorem ipsum dolor sit amet, consectetur adipiscing elit. Morbi sapien odio, commodo id metus et, tincidunt lobortis tortor. Duis nunc ante, cursus pretium feugiat eu, euismod sed arcu. Morbi nec porttitor ante, ac euismod mi. Aenean nec maximus ex. Pellentesque iaculis ante quis volutpat porttitor. Integer erat erat, accumsan quis ornare id, scelerisque ac neque. Quisque molestie, erat sit amet fringilla aliquet, erat ipsum scelerisque mi, sed tempus velit ipsum non est. Ut lacinia sagittis est vel scelerisque. Duis sit amet quam elementum, efficitur metus vitae, viverra dui. Mauris in maximus lacus, eu auctor quam. Pellentesque ac lorem et eros vehicula tincidunt eget vitae quam. Integer vel tempor nisl. Pellentesque nunc dolor, scelerisque sed efficitur consectetur, semper nec erat. Aenean vitae pharetra felis, in fermentum eros.\r\n\r\nNulla at enim elementum, vulputate velit nec, elementum tortor. Donec faucibus neque et leo pretium placerat. Cras pharetra neque nisl, non consectetur elit pulvinar ut. Vestibulum ut nisl suscipit, efficitur lacus et, placerat augue. Integer ornare tempor pharetra. Aenean ac nisi consectetur, viverra dolor quis, eleifend tortor. Suspendisse tristique metus finibus ex porta pellentesque. Morbi finibus faucibus tortor at facilisis. Pellentesque hendrerit, massa id blandit interdum, nunc lorem blandit est, iaculis aliquam nunc tellus quis urna. Suspendisse mattis orci ac hendrerit faucibus. Sed a nibh augue. Sed quis eleifend leo. Suspendisse sollicitudin placerat purus, a accumsan libero. Nullam porttitor tellus nisl.\r\n\r\nAenean a velit iaculis, auctor erat nec, tincidunt leo. Vestibulum nec sagittis lorem, et tempus velit. Etiam pellentesque ex ipsum, a pharetra turpis pulvinar vitae. Quisque a libero porta arcu scelerisque tempus. In hac habitasse platea dictumst. Pellentesque varius finibus erat eget interdum. Nulla cursus quam est, vulputate interdum ligula elementum tincidunt. Curabitur tempor sodales molestie. Proin vel est neque.', 'business/business-6.jpg', '2021-10-09 16:57:58', 2, 4),
(55, 'BUSINESS NEWS 7', 'Lorem ipsum dolor sit amet, consectetur adipiscing elit. Morbi sapien odio, commodo id metus et, tincidunt lobortis tortor. Duis nunc ante, cursus pretium feugiat eu, euismod sed arcu. Morbi nec porttitor ante, ac euismod mi. Aenean nec maximus ex. Pellentesque iaculis ante quis volutpat porttitor. Integer erat erat, accumsan quis ornare id, scelerisque ac neque. Quisque molestie, erat sit amet fringilla aliquet, erat ipsum scelerisque mi, sed tempus velit ipsum non est. Ut lacinia sagittis est vel scelerisque. Duis sit amet quam elementum, efficitur metus vitae, viverra dui. Mauris in maximus lacus, eu auctor quam. Pellentesque ac lorem et eros vehicula tincidunt eget vitae quam. Integer vel tempor nisl. Pellentesque nunc dolor, scelerisque sed efficitur consectetur, semper nec erat. Aenean vitae pharetra felis, in fermentum eros.\r\n\r\nNulla at enim elementum, vulputate velit nec, elementum tortor. Donec faucibus neque et leo pretium placerat. Cras pharetra neque nisl, non consectetur elit pulvinar ut. Vestibulum ut nisl suscipit, efficitur lacus et, placerat augue. Integer ornare tempor pharetra. Aenean ac nisi consectetur, viverra dolor quis, eleifend tortor. Suspendisse tristique metus finibus ex porta pellentesque. Morbi finibus faucibus tortor at facilisis. Pellentesque hendrerit, massa id blandit interdum, nunc lorem blandit est, iaculis aliquam nunc tellus quis urna. Suspendisse mattis orci ac hendrerit faucibus. Sed a nibh augue. Sed quis eleifend leo. Suspendisse sollicitudin placerat purus, a accumsan libero. Nullam porttitor tellus nisl.\r\n\r\nAenean a velit iaculis, auctor erat nec, tincidunt leo. Vestibulum nec sagittis lorem, et tempus velit. Etiam pellentesque ex ipsum, a pharetra turpis pulvinar vitae. Quisque a libero porta arcu scelerisque tempus. In hac habitasse platea dictumst. Pellentesque varius finibus erat eget interdum. Nulla cursus quam est, vulputate interdum ligula elementum tincidunt. Curabitur tempor sodales molestie. Proin vel est neque.', 'business/business-7.jpg', '2021-10-09 16:57:58', 1, 4),
(56, 'BUSINESS NEWS 8', 'Lorem ipsum dolor sit amet, consectetur adipiscing elit. Morbi sapien odio, commodo id metus et, tincidunt lobortis tortor. Duis nunc ante, cursus pretium feugiat eu, euismod sed arcu. Morbi nec porttitor ante, ac euismod mi. Aenean nec maximus ex. Pellentesque iaculis ante quis volutpat porttitor. Integer erat erat, accumsan quis ornare id, scelerisque ac neque. Quisque molestie, erat sit amet fringilla aliquet, erat ipsum scelerisque mi, sed tempus velit ipsum non est. Ut lacinia sagittis est vel scelerisque. Duis sit amet quam elementum, efficitur metus vitae, viverra dui. Mauris in maximus lacus, eu auctor quam. Pellentesque ac lorem et eros vehicula tincidunt eget vitae quam. Integer vel tempor nisl. Pellentesque nunc dolor, scelerisque sed efficitur consectetur, semper nec erat. Aenean vitae pharetra felis, in fermentum eros.\r\n\r\nNulla at enim elementum, vulputate velit nec, elementum tortor. Donec faucibus neque et leo pretium placerat. Cras pharetra neque nisl, non consectetur elit pulvinar ut. Vestibulum ut nisl suscipit, efficitur lacus et, placerat augue. Integer ornare tempor pharetra. Aenean ac nisi consectetur, viverra dolor quis, eleifend tortor. Suspendisse tristique metus finibus ex porta pellentesque. Morbi finibus faucibus tortor at facilisis. Pellentesque hendrerit, massa id blandit interdum, nunc lorem blandit est, iaculis aliquam nunc tellus quis urna. Suspendisse mattis orci ac hendrerit faucibus. Sed a nibh augue. Sed quis eleifend leo. Suspendisse sollicitudin placerat purus, a accumsan libero. Nullam porttitor tellus nisl.\r\n\r\nAenean a velit iaculis, auctor erat nec, tincidunt leo. Vestibulum nec sagittis lorem, et tempus velit. Etiam pellentesque ex ipsum, a pharetra turpis pulvinar vitae. Quisque a libero porta arcu scelerisque tempus. In hac habitasse platea dictumst. Pellentesque varius finibus erat eget interdum. Nulla cursus quam est, vulputate interdum ligula elementum tincidunt. Curabitur tempor sodales molestie. Proin vel est neque.', 'business/business-8.jpg', '2021-10-09 16:57:58', 3, 4),
(57, 'TECHNOLOGY NEWS 1', 'Lorem ipsum dolor sit amet, consectetur adipiscing elit. Morbi sapien odio, commodo id metus et, tincidunt lobortis tortor. Duis nunc ante, cursus pretium feugiat eu, euismod sed arcu. Morbi nec porttitor ante, ac euismod mi. Aenean nec maximus ex. Pellentesque iaculis ante quis volutpat porttitor. Integer erat erat, accumsan quis ornare id, scelerisque ac neque. Quisque molestie, erat sit amet fringilla aliquet, erat ipsum scelerisque mi, sed tempus velit ipsum non est. Ut lacinia sagittis est vel scelerisque. Duis sit amet quam elementum, efficitur metus vitae, viverra dui. Mauris in maximus lacus, eu auctor quam. Pellentesque ac lorem et eros vehicula tincidunt eget vitae quam. Integer vel tempor nisl. Pellentesque nunc dolor, scelerisque sed efficitur consectetur, semper nec erat. Aenean vitae pharetra felis, in fermentum eros.\r\n\r\nNulla at enim elementum, vulputate velit nec, elementum tortor. Donec faucibus neque et leo pretium placerat. Cras pharetra neque nisl, non consectetur elit pulvinar ut. Vestibulum ut nisl suscipit, efficitur lacus et, placerat augue. Integer ornare tempor pharetra. Aenean ac nisi consectetur, viverra dolor quis, eleifend tortor. Suspendisse tristique metus finibus ex porta pellentesque. Morbi finibus faucibus tortor at facilisis. Pellentesque hendrerit, massa id blandit interdum, nunc lorem blandit est, iaculis aliquam nunc tellus quis urna. Suspendisse mattis orci ac hendrerit faucibus. Sed a nibh augue. Sed quis eleifend leo. Suspendisse sollicitudin placerat purus, a accumsan libero. Nullam porttitor tellus nisl.\r\n\r\nAenean a velit iaculis, auctor erat nec, tincidunt leo. Vestibulum nec sagittis lorem, et tempus velit. Etiam pellentesque ex ipsum, a pharetra turpis pulvinar vitae. Quisque a libero porta arcu scelerisque tempus. In hac habitasse platea dictumst. Pellentesque varius finibus erat eget interdum. Nulla cursus quam est, vulputate interdum ligula elementum tincidunt. Curabitur tempor sodales molestie. Proin vel est neque.', 'technology/technology-1.jpg', '2021-10-09 16:57:58', 1, 6),
(58, 'TECHNOLOGY NEWS 2', 'Lorem ipsum dolor sit amet, consectetur adipiscing elit. Morbi sapien odio, commodo id metus et, tincidunt lobortis tortor. Duis nunc ante, cursus pretium feugiat eu, euismod sed arcu. Morbi nec porttitor ante, ac euismod mi. Aenean nec maximus ex. Pellentesque iaculis ante quis volutpat porttitor. Integer erat erat, accumsan quis ornare id, scelerisque ac neque. Quisque molestie, erat sit amet fringilla aliquet, erat ipsum scelerisque mi, sed tempus velit ipsum non est. Ut lacinia sagittis est vel scelerisque. Duis sit amet quam elementum, efficitur metus vitae, viverra dui. Mauris in maximus lacus, eu auctor quam. Pellentesque ac lorem et eros vehicula tincidunt eget vitae quam. Integer vel tempor nisl. Pellentesque nunc dolor, scelerisque sed efficitur consectetur, semper nec erat. Aenean vitae pharetra felis, in fermentum eros.\r\n\r\nNulla at enim elementum, vulputate velit nec, elementum tortor. Donec faucibus neque et leo pretium placerat. Cras pharetra neque nisl, non consectetur elit pulvinar ut. Vestibulum ut nisl suscipit, efficitur lacus et, placerat augue. Integer ornare tempor pharetra. Aenean ac nisi consectetur, viverra dolor quis, eleifend tortor. Suspendisse tristique metus finibus ex porta pellentesque. Morbi finibus faucibus tortor at facilisis. Pellentesque hendrerit, massa id blandit interdum, nunc lorem blandit est, iaculis aliquam nunc tellus quis urna. Suspendisse mattis orci ac hendrerit faucibus. Sed a nibh augue. Sed quis eleifend leo. Suspendisse sollicitudin placerat purus, a accumsan libero. Nullam porttitor tellus nisl.\r\n\r\nAenean a velit iaculis, auctor erat nec, tincidunt leo. Vestibulum nec sagittis lorem, et tempus velit. Etiam pellentesque ex ipsum, a pharetra turpis pulvinar vitae. Quisque a libero porta arcu scelerisque tempus. In hac habitasse platea dictumst. Pellentesque varius finibus erat eget interdum. Nulla cursus quam est, vulputate interdum ligula elementum tincidunt. Curabitur tempor sodales molestie. Proin vel est neque.', 'technology/technology-2.jpg', '2021-10-09 16:57:58', 2, 6),
(59, 'TECHNOLOGY NEWS 3', 'Lorem ipsum dolor sit amet, consectetur adipiscing elit. Morbi sapien odio, commodo id metus et, tincidunt lobortis tortor. Duis nunc ante, cursus pretium feugiat eu, euismod sed arcu. Morbi nec porttitor ante, ac euismod mi. Aenean nec maximus ex. Pellentesque iaculis ante quis volutpat porttitor. Integer erat erat, accumsan quis ornare id, scelerisque ac neque. Quisque molestie, erat sit amet fringilla aliquet, erat ipsum scelerisque mi, sed tempus velit ipsum non est. Ut lacinia sagittis est vel scelerisque. Duis sit amet quam elementum, efficitur metus vitae, viverra dui. Mauris in maximus lacus, eu auctor quam. Pellentesque ac lorem et eros vehicula tincidunt eget vitae quam. Integer vel tempor nisl. Pellentesque nunc dolor, scelerisque sed efficitur consectetur, semper nec erat. Aenean vitae pharetra felis, in fermentum eros.\r\n\r\nNulla at enim elementum, vulputate velit nec, elementum tortor. Donec faucibus neque et leo pretium placerat. Cras pharetra neque nisl, non consectetur elit pulvinar ut. Vestibulum ut nisl suscipit, efficitur lacus et, placerat augue. Integer ornare tempor pharetra. Aenean ac nisi consectetur, viverra dolor quis, eleifend tortor. Suspendisse tristique metus finibus ex porta pellentesque. Morbi finibus faucibus tortor at facilisis. Pellentesque hendrerit, massa id blandit interdum, nunc lorem blandit est, iaculis aliquam nunc tellus quis urna. Suspendisse mattis orci ac hendrerit faucibus. Sed a nibh augue. Sed quis eleifend leo. Suspendisse sollicitudin placerat purus, a accumsan libero. Nullam porttitor tellus nisl.\r\n\r\nAenean a velit iaculis, auctor erat nec, tincidunt leo. Vestibulum nec sagittis lorem, et tempus velit. Etiam pellentesque ex ipsum, a pharetra turpis pulvinar vitae. Quisque a libero porta arcu scelerisque tempus. In hac habitasse platea dictumst. Pellentesque varius finibus erat eget interdum. Nulla cursus quam est, vulputate interdum ligula elementum tincidunt. Curabitur tempor sodales molestie. Proin vel est neque.', 'technology/technology-3.jpg', '2021-10-05 00:00:00', 1, 6),
(60, 'TECHNOLOGY NEWS 4', 'Lorem ipsum dolor sit amet, consectetur adipiscing elit. Morbi sapien odio, commodo id metus et, tincidunt lobortis tortor. Duis nunc ante, cursus pretium feugiat eu, euismod sed arcu. Morbi nec porttitor ante, ac euismod mi. Aenean nec maximus ex. Pellentesque iaculis ante quis volutpat porttitor. Integer erat erat, accumsan quis ornare id, scelerisque ac neque. Quisque molestie, erat sit amet fringilla aliquet, erat ipsum scelerisque mi, sed tempus velit ipsum non est. Ut lacinia sagittis est vel scelerisque. Duis sit amet quam elementum, efficitur metus vitae, viverra dui. Mauris in maximus lacus, eu auctor quam. Pellentesque ac lorem et eros vehicula tincidunt eget vitae quam. Integer vel tempor nisl. Pellentesque nunc dolor, scelerisque sed efficitur consectetur, semper nec erat. Aenean vitae pharetra felis, in fermentum eros.\r\n\r\nNulla at enim elementum, vulputate velit nec, elementum tortor. Donec faucibus neque et leo pretium placerat. Cras pharetra neque nisl, non consectetur elit pulvinar ut. Vestibulum ut nisl suscipit, efficitur lacus et, placerat augue. Integer ornare tempor pharetra. Aenean ac nisi consectetur, viverra dolor quis, eleifend tortor. Suspendisse tristique metus finibus ex porta pellentesque. Morbi finibus faucibus tortor at facilisis. Pellentesque hendrerit, massa id blandit interdum, nunc lorem blandit est, iaculis aliquam nunc tellus quis urna. Suspendisse mattis orci ac hendrerit faucibus. Sed a nibh augue. Sed quis eleifend leo. Suspendisse sollicitudin placerat purus, a accumsan libero. Nullam porttitor tellus nisl.\r\n\r\nAenean a velit iaculis, auctor erat nec, tincidunt leo. Vestibulum nec sagittis lorem, et tempus velit. Etiam pellentesque ex ipsum, a pharetra turpis pulvinar vitae. Quisque a libero porta arcu scelerisque tempus. In hac habitasse platea dictumst. Pellentesque varius finibus erat eget interdum. Nulla cursus quam est, vulputate interdum ligula elementum tincidunt. Curabitur tempor sodales molestie. Proin vel est neque.', 'technology/technology-4.jpg', '2021-10-09 16:57:58', 3, 6),
(61, 'TECHNOLOGY NEWS 5', 'Lorem ipsum dolor sit amet, consectetur adipiscing elit. Morbi sapien odio, commodo id metus et, tincidunt lobortis tortor. Duis nunc ante, cursus pretium feugiat eu, euismod sed arcu. Morbi nec porttitor ante, ac euismod mi. Aenean nec maximus ex. Pellentesque iaculis ante quis volutpat porttitor. Integer erat erat, accumsan quis ornare id, scelerisque ac neque. Quisque molestie, erat sit amet fringilla aliquet, erat ipsum scelerisque mi, sed tempus velit ipsum non est. Ut lacinia sagittis est vel scelerisque. Duis sit amet quam elementum, efficitur metus vitae, viverra dui. Mauris in maximus lacus, eu auctor quam. Pellentesque ac lorem et eros vehicula tincidunt eget vitae quam. Integer vel tempor nisl. Pellentesque nunc dolor, scelerisque sed efficitur consectetur, semper nec erat. Aenean vitae pharetra felis, in fermentum eros.\r\n\r\nNulla at enim elementum, vulputate velit nec, elementum tortor. Donec faucibus neque et leo pretium placerat. Cras pharetra neque nisl, non consectetur elit pulvinar ut. Vestibulum ut nisl suscipit, efficitur lacus et, placerat augue. Integer ornare tempor pharetra. Aenean ac nisi consectetur, viverra dolor quis, eleifend tortor. Suspendisse tristique metus finibus ex porta pellentesque. Morbi finibus faucibus tortor at facilisis. Pellentesque hendrerit, massa id blandit interdum, nunc lorem blandit est, iaculis aliquam nunc tellus quis urna. Suspendisse mattis orci ac hendrerit faucibus. Sed a nibh augue. Sed quis eleifend leo. Suspendisse sollicitudin placerat purus, a accumsan libero. Nullam porttitor tellus nisl.\r\n\r\nAenean a velit iaculis, auctor erat nec, tincidunt leo. Vestibulum nec sagittis lorem, et tempus velit. Etiam pellentesque ex ipsum, a pharetra turpis pulvinar vitae. Quisque a libero porta arcu scelerisque tempus. In hac habitasse platea dictumst. Pellentesque varius finibus erat eget interdum. Nulla cursus quam est, vulputate interdum ligula elementum tincidunt. Curabitur tempor sodales molestie. Proin vel est neque.', 'technology/technology-5.jpg', '2021-10-09 16:57:58', 1, 6),
(62, 'TECHNOLOGY NEWS 6', 'Lorem ipsum dolor sit amet, consectetur adipiscing elit. Morbi sapien odio, commodo id metus et, tincidunt lobortis tortor. Duis nunc ante, cursus pretium feugiat eu, euismod sed arcu. Morbi nec porttitor ante, ac euismod mi. Aenean nec maximus ex. Pellentesque iaculis ante quis volutpat porttitor. Integer erat erat, accumsan quis ornare id, scelerisque ac neque. Quisque molestie, erat sit amet fringilla aliquet, erat ipsum scelerisque mi, sed tempus velit ipsum non est. Ut lacinia sagittis est vel scelerisque. Duis sit amet quam elementum, efficitur metus vitae, viverra dui. Mauris in maximus lacus, eu auctor quam. Pellentesque ac lorem et eros vehicula tincidunt eget vitae quam. Integer vel tempor nisl. Pellentesque nunc dolor, scelerisque sed efficitur consectetur, semper nec erat. Aenean vitae pharetra felis, in fermentum eros.\r\n\r\nNulla at enim elementum, vulputate velit nec, elementum tortor. Donec faucibus neque et leo pretium placerat. Cras pharetra neque nisl, non consectetur elit pulvinar ut. Vestibulum ut nisl suscipit, efficitur lacus et, placerat augue. Integer ornare tempor pharetra. Aenean ac nisi consectetur, viverra dolor quis, eleifend tortor. Suspendisse tristique metus finibus ex porta pellentesque. Morbi finibus faucibus tortor at facilisis. Pellentesque hendrerit, massa id blandit interdum, nunc lorem blandit est, iaculis aliquam nunc tellus quis urna. Suspendisse mattis orci ac hendrerit faucibus. Sed a nibh augue. Sed quis eleifend leo. Suspendisse sollicitudin placerat purus, a accumsan libero. Nullam porttitor tellus nisl.\r\n\r\nAenean a velit iaculis, auctor erat nec, tincidunt leo. Vestibulum nec sagittis lorem, et tempus velit. Etiam pellentesque ex ipsum, a pharetra turpis pulvinar vitae. Quisque a libero porta arcu scelerisque tempus. In hac habitasse platea dictumst. Pellentesque varius finibus erat eget interdum. Nulla cursus quam est, vulputate interdum ligula elementum tincidunt. Curabitur tempor sodales molestie. Proin vel est neque.', 'technology/technology-6.jpg', '2021-10-09 16:57:58', 2, 6),
(63, 'TECHNOLOGY NEWS 7', 'Lorem ipsum dolor sit amet, consectetur adipiscing elit. Morbi sapien odio, commodo id metus et, tincidunt lobortis tortor. Duis nunc ante, cursus pretium feugiat eu, euismod sed arcu. Morbi nec porttitor ante, ac euismod mi. Aenean nec maximus ex. Pellentesque iaculis ante quis volutpat porttitor. Integer erat erat, accumsan quis ornare id, scelerisque ac neque. Quisque molestie, erat sit amet fringilla aliquet, erat ipsum scelerisque mi, sed tempus velit ipsum non est. Ut lacinia sagittis est vel scelerisque. Duis sit amet quam elementum, efficitur metus vitae, viverra dui. Mauris in maximus lacus, eu auctor quam. Pellentesque ac lorem et eros vehicula tincidunt eget vitae quam. Integer vel tempor nisl. Pellentesque nunc dolor, scelerisque sed efficitur consectetur, semper nec erat. Aenean vitae pharetra felis, in fermentum eros.\r\n\r\nNulla at enim elementum, vulputate velit nec, elementum tortor. Donec faucibus neque et leo pretium placerat. Cras pharetra neque nisl, non consectetur elit pulvinar ut. Vestibulum ut nisl suscipit, efficitur lacus et, placerat augue. Integer ornare tempor pharetra. Aenean ac nisi consectetur, viverra dolor quis, eleifend tortor. Suspendisse tristique metus finibus ex porta pellentesque. Morbi finibus faucibus tortor at facilisis. Pellentesque hendrerit, massa id blandit interdum, nunc lorem blandit est, iaculis aliquam nunc tellus quis urna. Suspendisse mattis orci ac hendrerit faucibus. Sed a nibh augue. Sed quis eleifend leo. Suspendisse sollicitudin placerat purus, a accumsan libero. Nullam porttitor tellus nisl.\r\n\r\nAenean a velit iaculis, auctor erat nec, tincidunt leo. Vestibulum nec sagittis lorem, et tempus velit. Etiam pellentesque ex ipsum, a pharetra turpis pulvinar vitae. Quisque a libero porta arcu scelerisque tempus. In hac habitasse platea dictumst. Pellentesque varius finibus erat eget interdum. Nulla cursus quam est, vulputate interdum ligula elementum tincidunt. Curabitur tempor sodales molestie. Proin vel est neque.', 'technology/technology-7.jpg', '2021-10-09 16:57:58', 1, 6),
(64, 'TECHNOLOGY NEWS 8', 'Lorem ipsum dolor sit amet, consectetur adipiscing elit. Morbi sapien odio, commodo id metus et, tincidunt lobortis tortor. Duis nunc ante, cursus pretium feugiat eu, euismod sed arcu. Morbi nec porttitor ante, ac euismod mi. Aenean nec maximus ex. Pellentesque iaculis ante quis volutpat porttitor. Integer erat erat, accumsan quis ornare id, scelerisque ac neque. Quisque molestie, erat sit amet fringilla aliquet, erat ipsum scelerisque mi, sed tempus velit ipsum non est. Ut lacinia sagittis est vel scelerisque. Duis sit amet quam elementum, efficitur metus vitae, viverra dui. Mauris in maximus lacus, eu auctor quam. Pellentesque ac lorem et eros vehicula tincidunt eget vitae quam. Integer vel tempor nisl. Pellentesque nunc dolor, scelerisque sed efficitur consectetur, semper nec erat. Aenean vitae pharetra felis, in fermentum eros.\r\n\r\nNulla at enim elementum, vulputate velit nec, elementum tortor. Donec faucibus neque et leo pretium placerat. Cras pharetra neque nisl, non consectetur elit pulvinar ut. Vestibulum ut nisl suscipit, efficitur lacus et, placerat augue. Integer ornare tempor pharetra. Aenean ac nisi consectetur, viverra dolor quis, eleifend tortor. Suspendisse tristique metus finibus ex porta pellentesque. Morbi finibus faucibus tortor at facilisis. Pellentesque hendrerit, massa id blandit interdum, nunc lorem blandit est, iaculis aliquam nunc tellus quis urna. Suspendisse mattis orci ac hendrerit faucibus. Sed a nibh augue. Sed quis eleifend leo. Suspendisse sollicitudin placerat purus, a accumsan libero. Nullam porttitor tellus nisl.\r\n\r\nAenean a velit iaculis, auctor erat nec, tincidunt leo. Vestibulum nec sagittis lorem, et tempus velit. Etiam pellentesque ex ipsum, a pharetra turpis pulvinar vitae. Quisque a libero porta arcu scelerisque tempus. In hac habitasse platea dictumst. Pellentesque varius finibus erat eget interdum. Nulla cursus quam est, vulputate interdum ligula elementum tincidunt. Curabitur tempor sodales molestie. Proin vel est neque.', 'technology/technology-8.jpg', '2021-10-08 16:57:58', 3, 6);

-- --------------------------------------------------------

--
-- Tablo için tablo yapısı `settings`
--

CREATE TABLE `settings` (
  `settings_id` int(11) NOT NULL,
  `settings_logo` varchar(250) COLLATE utf8mb4_turkish_ci NOT NULL,
  `settings_tittle` varchar(250) COLLATE utf8mb4_turkish_ci NOT NULL,
  `settings_description` varchar(250) COLLATE utf8mb4_turkish_ci NOT NULL,
  `settings_author` varchar(50) COLLATE utf8mb4_turkish_ci NOT NULL,
  `settings_phone` varchar(50) COLLATE utf8mb4_turkish_ci NOT NULL,
  `settings_gsm` varchar(50) COLLATE utf8mb4_turkish_ci NOT NULL,
  `settings_email` varchar(250) COLLATE utf8mb4_turkish_ci NOT NULL,
  `settings_adress` varchar(250) COLLATE utf8mb4_turkish_ci NOT NULL,
  `settings_facebook` varchar(100) COLLATE utf8mb4_turkish_ci NOT NULL,
  `settings_youtube` varchar(100) COLLATE utf8mb4_turkish_ci NOT NULL,
  `settings_twitter` varchar(100) COLLATE utf8mb4_turkish_ci NOT NULL,
  `settings_maintenance` enum('0','1') COLLATE utf8mb4_turkish_ci NOT NULL DEFAULT '1'
) ENGINE=InnoDB DEFAULT CHARSET=utf8mb4 COLLATE=utf8mb4_turkish_ci;

-- --------------------------------------------------------

--
-- Tablo için tablo yapısı `userCategory`
--

CREATE TABLE `userCategory` (
  `userCategory_id` int(11) NOT NULL,
  `user_id` int(11) NOT NULL,
  `category_id` int(11) NOT NULL
) ENGINE=InnoDB DEFAULT CHARSET=utf8mb4 COLLATE=utf8mb4_turkish_ci;

--
-- Tablo döküm verisi `userCategory`
--

INSERT INTO `userCategory` (`userCategory_id`, `user_id`, `category_id`) VALUES
(17, 21, 4),
(18, 21, 2),
(19, 21, 5),
(20, 21, 6),
(22, 32, 6),
(23, 1, 4),
(24, 1, 2),
(25, 1, 7);

-- --------------------------------------------------------

--
-- Tablo için tablo yapısı `users`
--

CREATE TABLE `users` (
  `user_id` int(11) UNSIGNED NOT NULL,
  `user_name` varchar(50) COLLATE utf8mb4_turkish_ci NOT NULL,
  `user_firstname` varchar(255) COLLATE utf8mb4_turkish_ci NOT NULL,
  `user_lastname` varchar(255) COLLATE utf8mb4_turkish_ci NOT NULL,
  `user_age` int(3) NOT NULL,
  `user_type` int(2) NOT NULL DEFAULT 4,
  `user_date` datetime NOT NULL DEFAULT current_timestamp(),
  `user_email` varchar(100) COLLATE utf8mb4_turkish_ci NOT NULL,
  `user_address` varchar(250) COLLATE utf8mb4_turkish_ci NOT NULL,
  `user_city` varchar(100) COLLATE utf8mb4_turkish_ci NOT NULL,
  `user_country` varchar(100) COLLATE utf8mb4_turkish_ci NOT NULL,
  `user_status` int(1) NOT NULL DEFAULT 1,
  `user_password` varchar(50) COLLATE utf8mb4_turkish_ci NOT NULL
) ENGINE=InnoDB DEFAULT CHARSET=utf8mb4 COLLATE=utf8mb4_turkish_ci;

--
-- Tablo döküm verisi `users`
--

INSERT INTO `users` (`user_id`, `user_name`, `user_firstname`, `user_lastname`, `user_age`, `user_type`, `user_date`, `user_email`, `user_address`, `user_city`, `user_country`, `user_status`, `user_password`) VALUES
(1, 'admin', 'admin', 'admin', 31, 1, '2021-10-07 03:51:01', 'admin@gmail.com', 'teknonews', 'teknonews', 'teknonews', 1, '14f8110a0661a5f6a792dd5cb5e24117'),
(2, 'moderator', 'moderator', 'moderator', 36, 2, '2021-10-07 03:51:01', 'moderator@gmail.com', 'teknonews', 'teknonews', 'teknonews', 1, '14f8110a0661a5f6a792dd5cb5e24117'),
(3, 'Dr_Drogba', 'Didier', 'Drogba', 42, 4, '2021-10-07 03:51:01', 'ddrogba@gmail.com', 'No Adress', 'Paris', 'France', 1, '14f8110a0661a5f6a792dd5cb5e24117'),
(4, 'Alonso55', 'Xabi', 'Alonso', 45, 4, '2021-10-07 03:51:01', 'xalonso@gmail.com', 'No Adress', 'Madrid', 'Spain', 1, '14f8110a0661a5f6a792dd5cb5e24117'),
(5, 'DogeCoin', 'Elon', 'Musk', 45, 4, '2021-10-09 15:40:35', 'elonmusk@gmail.com', 'america', 'california', 'USA', 1, '14f8110a0661a5f6a792dd5cb5e24117'),
(21, 'teteer', 'ali', 'veli', 43, 4, '2021-10-12 06:28:47', 'teter@gmail.com', 'sadafswqaeqwe\r\nsadasdadsaddsad\r\nasdasfda', 'qweqwesadasd', 'üsküdar', 1, '14f8110a0661a5f6a792dd5cb5e24117'),
(25, 'shib', 'shibacoin', 'tothemoon', 30, 4, '2021-10-13 00:40:15', 'shiba@gmail.com', 'İstanbul', 'İstanbul', 'Türkiye', 1, '14f8110a0661a5f6a792dd5cb5e24117'),
(33, 'editor', 'editor', 'editor', 30, 3, '2021-10-13 19:54:58', 'editor@teknonews.com', 'teknonews', 'teknonews', 'teknonews', 1, '14f8110a0661a5f6a792dd5cb5e24117');

--
-- Dökümü yapılmış tablolar için indeksler
--

--
-- Tablo için indeksler `category`
--
ALTER TABLE `category`
  ADD PRIMARY KEY (`category_id`);

--
-- Tablo için indeksler `comments`
--
ALTER TABLE `comments`
  ADD PRIMARY KEY (`comment_id`);

--
-- Tablo için indeksler `news`
--
ALTER TABLE `news`
  ADD PRIMARY KEY (`news_id`);

--
-- Tablo için indeksler `settings`
--
ALTER TABLE `settings`
  ADD PRIMARY KEY (`settings_id`);

--
-- Tablo için indeksler `userCategory`
--
ALTER TABLE `userCategory`
  ADD PRIMARY KEY (`userCategory_id`);

--
-- Tablo için indeksler `users`
--
ALTER TABLE `users`
  ADD PRIMARY KEY (`user_id`),
  ADD UNIQUE KEY `users_name` (`user_name`),
  ADD UNIQUE KEY `user_email` (`user_email`);

--
-- Dökümü yapılmış tablolar için AUTO_INCREMENT değeri
--

--
-- Tablo için AUTO_INCREMENT değeri `category`
--
ALTER TABLE `category`
  MODIFY `category_id` int(11) NOT NULL AUTO_INCREMENT, AUTO_INCREMENT=9;

--
-- Tablo için AUTO_INCREMENT değeri `comments`
--
ALTER TABLE `comments`
  MODIFY `comment_id` int(11) NOT NULL AUTO_INCREMENT, AUTO_INCREMENT=21;

--
-- Tablo için AUTO_INCREMENT değeri `news`
--
ALTER TABLE `news`
  MODIFY `news_id` int(11) NOT NULL AUTO_INCREMENT, AUTO_INCREMENT=65;

--
-- Tablo için AUTO_INCREMENT değeri `userCategory`
--
ALTER TABLE `userCategory`
  MODIFY `userCategory_id` int(11) NOT NULL AUTO_INCREMENT, AUTO_INCREMENT=26;

--
-- Tablo için AUTO_INCREMENT değeri `users`
--
ALTER TABLE `users`
  MODIFY `user_id` int(11) UNSIGNED NOT NULL AUTO_INCREMENT, AUTO_INCREMENT=34;
COMMIT;

/*!40101 SET CHARACTER_SET_CLIENT=@OLD_CHARACTER_SET_CLIENT */;
/*!40101 SET CHARACTER_SET_RESULTS=@OLD_CHARACTER_SET_RESULTS */;
/*!40101 SET COLLATION_CONNECTION=@OLD_COLLATION_CONNECTION */;
